id,first_name,last_name,email,gender,ip_address,credit_card
1,Justis,Ancliffe,jancliffe0@hc360.com,Male,171.105.253.212,3555036693485929
2,Beverlie,Hendin,bhendin1@vk.com,Female,148.152.233.92,6767797833463608
3,Rosamond,Aronstam,raronstam2@sitemeter.com,Female,166.60.238.169,3532997079709513
4,Wendye,Southerton,wsoutherton3@youku.com,Female,105.83.241.185,3541163724169699
5,Glen,Ousby,gousby4@multiply.com,Female,116.248.64.56,3582668756452151
6,Mordy,Caizley,mcaizley5@wp.com,Male,188.39.88.95,5100173650402137
7,Joel,Baxster,jbaxster6@usgs.gov,Male,204.10.226.7,374283676433725
8,Emile,Prestland,eprestland7@mtv.com,Male,152.222.101.155,5343356972502679
9,Ian,Quirke,iquirke8@vk.com,Male,47.115.3.76,5525132729071346
10,Magdaia,Geelan,mgeelan9@dailymail.co.uk,Female,190.67.15.241,372301297362420
11,Angelico,Hardcastle,ahardcastlea@sohu.com,Male,163.236.39.108,676702081173053099
12,Sissy,Bawles,sbawlesb@harvard.edu,Female,23.237.181.62,060413116160860325
13,Tommy,Bourgour,tbourgourc@aboutads.info,Female,57.73.20.210,3552818120569752
14,Dominique,Beckers,dbeckersd@geocities.jp,Male,41.209.132.159,560221350954354713
15,Denys,Capner,dcapnere@liveinternet.ru,Female,153.133.239.78,3566858279555255
16,Obadiah,Heintz,oheintzf@amazon.com,Male,220.103.204.163,630432397274620824
17,Charyl,de Nore,cdenoreg@seesaa.net,Female,95.75.102.50,4508263574928399
18,Jeramey,Benini,jbeninih@pagesperso-orange.fr,Male,231.247.96.38,201406382162341
19,Gusella,Proom,gproomi@stumbleupon.com,Female,105.15.95.125,30307529136072
20,Gunther,Mapother,gmapotherj@hud.gov,Male,21.59.191.75,5641820218063976197
21,Dominga,Boughtflower,dboughtflowerk@cisco.com,Female,183.96.200.2,5421216282394578
22,Ranique,Seamark,rseamarkl@walmart.com,Female,119.188.130.140,4844895181791547
23,Hansiain,Roath,hroathm@yahoo.co.jp,Male,179.156.194.160,3534774906898480
24,Kiel,Sibley,ksibleyn@blog.com,Male,129.119.14.126,201964980784924
25,Alane,Motten,amotteno@wikia.com,Female,212.14.58.93,3539143455946303
26,Penny,Armitt,parmittp@wisc.edu,Female,84.210.158.22,6373216198480350
27,Monika,Lawlor,mlawlorq@utexas.edu,Female,178.218.217.242,201555181168980
28,Guenevere,Charlin,gcharlinr@elpais.com,Female,33.187.217.53,3585910161916439
29,Cele,Bubear,cbubears@cbsnews.com,Female,34.132.113.50,4175008564112955
30,Correy,Wingatt,cwingattt@github.io,Male,126.157.151.124,67597884996522590
31,Tommie,Harler,tharleru@wired.com,Male,246.234.245.152,3562868686650221
32,Faydra,Kuhnhardt,fkuhnhardtv@ox.ac.uk,Female,205.120.120.233,5100141304686454
33,Jacqueline,Yukhtin,jyukhtinw@jigsy.com,Female,93.238.164.190,3565554067220035
34,Kare,Wager,kwagerx@techcrunch.com,Female,137.4.108.107,56106740117465910
35,Keene,Benois,kbenoisy@t-online.de,Male,211.69.173.114,3554693961418379
36,Trude,Tilsley,ttilsleyz@earthlink.net,Female,87.54.188.194,3582157541989958
37,Rosaleen,Bowmaker,rbowmaker10@sbwire.com,Female,153.254.38.193,4041372554519
38,Audi,Conyer,aconyer11@independent.co.uk,Female,121.73.26.125,30241077987562
39,Emerson,Bladesmith,ebladesmith12@netscape.com,Male,19.27.181.32,56022594460722109
40,Grover,Reeves,greeves13@google.com.br,Male,43.112.201.222,3579591538047245
41,Ermin,Craythorn,ecraythorn14@flickr.com,Male,52.198.134.163,36658345597507
42,Cherish,Obington,cobington15@sphinn.com,Female,103.211.149.163,3562594985369962
43,Ezri,Strephan,estrephan16@nba.com,Male,54.232.230.50,5421766028508097
44,Ellsworth,Farrington,efarrington17@liveinternet.ru,Male,93.133.159.55,3551503047363155
45,Sunny,Tabour,stabour18@illinois.edu,Female,149.137.133.44,3532151689906057
46,Banky,Mower,bmower19@barnesandnoble.com,Male,243.170.17.234,6391996370414602
47,Lettie,Shank,lshank1a@twitpic.com,Female,11.68.33.199,5592151070024538
48,Dunn,Crosher,dcrosher1b@yellowbook.com,Male,58.48.9.164,201738987083906
49,Dolores,Camilletti,dcamilletti1c@prlog.org,Female,252.3.155.98,6334612896146935232
50,Carlyle,Hadaway,chadaway1d@alexa.com,Male,38.58.214.242,3553892589853683
51,Gallard,Maud,gmaud1e@businessinsider.com,Male,133.97.63.19,3564693892594908
52,Madonna,Atkirk,matkirk1f@seattletimes.com,Female,97.183.246.146,337941311728298
53,Arney,Heinemann,aheinemann1g@goo.ne.jp,Male,240.50.101.158,3529005240900584
54,Philippa,Osmint,posmint1h@ycombinator.com,Female,206.25.0.22,677166707561607834
55,Evangelin,Olive,eolive1i@sbwire.com,Female,19.248.32.19,6378451027398789
56,Viviana,Voice,vvoice1j@soup.io,Female,48.93.204.194,3547666523997189
57,Martyn,Stolberger,mstolberger1k@marketwatch.com,Male,195.23.171.210,5215640305857644
58,Mellisa,Lattin,mlattin1l@t-online.de,Female,95.38.154.171,5394737570747766
59,Liana,Palmer,lpalmer1m@shop-pro.jp,Female,232.4.210.31,3530999433276272
60,Gisella,Genese,ggenese1n@newyorker.com,Female,145.210.109.130,67624723962152601
61,Niles,Levy,nlevy1o@bluehost.com,Male,128.180.212.141,30468875340914
62,Ermengarde,Maven,emaven1p@mit.edu,Female,244.236.104.248,561092228596942349
63,Biron,Twitchings,btwitchings1q@stanford.edu,Male,253.34.119.163,3560857645411181
64,Fredek,Bauldry,fbauldry1r@cargocollective.com,Male,186.174.241.244,5641827642478895
65,Debor,Dugdale,ddugdale1s@last.fm,Female,161.167.254.90,5100178443032216
66,Miran,Edwins,medwins1t@123-reg.co.uk,Female,168.86.7.6,374622688062438
67,Laetitia,Conibeer,lconibeer1u@google.de,Female,83.122.177.30,5602235385445534
68,Brok,Haborn,bhaborn1v@illinois.edu,Male,94.117.63.214,5531783728602481
69,Mollie,Wickersley,mwickersley1w@cnbc.com,Female,5.87.229.0,5279165556483406
70,Henri,Schoenleiter,hschoenleiter1x@abc.net.au,Male,9.210.126.109,3544409374974624
71,Artair,Nelson,anelson1y@clickbank.net,Male,50.188.115.219,201675324976451
72,Sargent,Viant,sviant1z@alexa.com,Male,219.56.56.28,4903881970580463635
73,Verena,Dalgetty,vdalgetty20@tinyurl.com,Female,195.79.156.222,3574982329520273
74,Rudyard,Stearns,rstearns21@salon.com,Male,143.65.144.160,6763755370440143734
75,Jacquetta,Coveney,jcoveney22@wp.com,Female,235.191.39.205,3554914768039170
76,Radcliffe,Bassingden,rbassingden23@msn.com,Male,181.247.63.189,3587438701588813
77,Basil,Cortnay,bcortnay24@hp.com,Male,47.143.190.199,677162967075370485
78,Marcelle,Old,mold25@jiathis.com,Female,42.8.118.39,3552366890532923
79,Cortie,Osbaldstone,cosbaldstone26@harvard.edu,Male,197.233.69.243,3576158362033080
80,Eolande,Branscomb,ebranscomb27@unc.edu,Female,52.21.35.49,3561629384107125
81,Kimberlee,McKinie,kmckinie28@artisteer.com,Female,103.255.71.204,3531409971670752
82,Ebeneser,Broggini,ebroggini29@pagesperso-orange.fr,Male,59.120.40.173,3554821044661083
83,Duffie,Fieldhouse,dfieldhouse2a@behance.net,Male,74.25.205.16,201913469902523
84,Cecilla,Berntsson,cberntsson2b@jugem.jp,Female,159.35.19.121,3561106798895538
85,Romy,Wemyss,rwemyss2c@gizmodo.com,Female,2.73.194.134,6771710715628954251
86,Benson,Speere,bspeere2d@salon.com,Male,31.28.166.180,3560320742122714
87,Hanson,Earland,hearland2e@com.com,Male,8.193.111.185,3536266283049553
88,Jaimie,Wraight,jwraight2f@tinypic.com,Female,60.99.35.98,374283749280269
89,Florrie,Skala,fskala2g@guardian.co.uk,Female,117.251.94.173,3559184737056052
90,Gibby,Clyant,gclyant2h@washingtonpost.com,Male,5.100.38.21,3536523934250125
91,Adriena,Rawsthorn,arawsthorn2i@networkadvertising.org,Female,43.31.205.224,4041376686283
92,Andreas,Aylmore,aaylmore2j@jiathis.com,Male,56.221.190.70,6333567821230158951
93,Ali,Woolnough,awoolnough2k@who.int,Male,230.227.100.212,5602219125868072
94,Storm,Aumerle,saumerle2l@google.de,Female,245.171.245.201,4508545599214114
95,Conrado,Schrir,cschrir2m@seesaa.net,Male,134.147.133.125,3545174199783928
96,Koenraad,Volcker,kvolcker2n@nymag.com,Male,46.165.239.6,372301522382342
97,Dasie,Glazyer,dglazyer2o@de.vu,Female,18.149.200.29,4903725922378155
98,Carline,Beinke,cbeinke2p@tinypic.com,Female,47.71.60.186,4041596988370961
99,Emmey,Ilyenko,eilyenko2q@freewebs.com,Female,230.7.127.92,30565460480557
100,Zora,Gouldthorp,zgouldthorp2r@woothemes.com,Female,83.235.61.64,3566569457360935
101,Ritchie,Harverson,rharverson2s@feedburner.com,Male,59.75.207.7,6767033919694327545
102,Luca,Steel,lsteel2t@pen.io,Male,110.106.11.252,3529671350032623
103,Norene,Cargill,ncargill2u@netscape.com,Female,24.5.252.77,3579378596901137
104,Leo,Tender,ltender2v@biblegateway.com,Male,215.253.103.177,3530036284205330
105,Odelle,Genike,ogenike2w@de.vu,Female,149.118.161.71,4041590509900992
106,Bartholomeus,Scardefield,bscardefield2x@blogtalkradio.com,Male,254.110.128.97,56022236693323442
107,Dorita,Borzone,dborzone2y@devhub.com,Female,246.103.177.2,3575435076097689
108,Salim,Hillum,shillum2z@nifty.com,Male,58.180.43.183,3552163350921773
109,Lorettalorna,Lindermann,llindermann30@washingtonpost.com,Female,141.31.58.131,3543424237927587
110,Erwin,Joul,ejoul31@wix.com,Male,238.62.21.217,6759884266844994148
111,Bailey,Januszewicz,bjanuszewicz32@washingtonpost.com,Male,50.119.91.37,3549429171851275
112,Pieter,Geldard,pgeldard33@senate.gov,Male,165.146.76.155,5502061976060081
113,Fleur,Dowyer,fdowyer34@google.pl,Female,76.247.157.75,3546613457521057
114,Edeline,Ianitti,eianitti35@abc.net.au,Female,102.125.159.164,4913060445365861
115,Mickie,Traill,mtraill36@mashable.com,Male,41.88.3.195,3534697277968253
116,Tarrah,Barnwille,tbarnwille37@china.com.cn,Female,162.66.154.110,374288329676018
117,Cleve,Brownett,cbrownett38@linkedin.com,Male,106.92.27.240,5446847361039402
118,Danit,Stiffell,dstiffell39@ftc.gov,Female,152.55.92.58,3551158060248757
119,Carr,Lanney,clanney3a@businessinsider.com,Male,120.214.77.190,3579142691722305
120,Mattias,Fydoe,mfydoe3b@alibaba.com,Male,225.150.107.184,5447661237763759
121,Rubetta,Elstob,relstob3c@gravatar.com,Female,165.223.41.83,490328052096562094
122,Harrietta,Skeates,hskeates3d@qq.com,Female,54.54.25.36,4026623964538350
123,Juliet,Scyner,jscyner3e@netscape.com,Female,127.218.44.93,4017955245011364
124,Cairistiona,Reek,creek3f@hibu.com,Female,160.55.33.127,3528889537931738
125,Chick,Insworth,cinsworth3g@independent.co.uk,Male,101.135.23.164,4844401608994556
126,Paddie,Meach,pmeach3h@smugmug.com,Male,227.219.187.169,5477308767009186
127,Lorette,Ovanesian,lovanesian3i@webs.com,Female,100.208.55.71,3566659691983335
128,Gaynor,Zapata,gzapata3j@bing.com,Female,182.112.52.143,6370824934943889
129,Millard,Brawson,mbrawson3k@whitehouse.gov,Male,224.70.234.139,342425273920088
130,Bron,Tailby,btailby3l@vkontakte.ru,Male,47.208.166.91,3579487188282366
131,Goldie,Mishaw,gmishaw3m@tmall.com,Female,33.2.59.61,3563157868583163
132,Daniele,Penrith,dpenrith3n@storify.com,Female,168.176.109.157,06043325837216891
133,Roana,Gange,rgange3o@spiegel.de,Female,205.208.140.94,5602248738132964
134,Hirsch,Nightingale,hnightingale3p@nbcnews.com,Male,182.95.140.230,4844653684758327
135,Banky,Scurry,bscurry3q@washington.edu,Male,4.190.147.137,6373383261289231
136,Kali,Heffron,kheffron3r@auda.org.au,Female,238.36.167.8,337941581424891
137,Baryram,Joisce,bjoisce3s@ihg.com,Male,70.139.141.130,3575792557765923
138,Derrick,Cosgrave,dcosgrave3t@behance.net,Male,250.235.101.251,3540457472864605
139,Wallache,Loody,wloody3u@sfgate.com,Male,130.83.113.3,374283894779693
140,Riordan,Moyser,rmoyser3v@sphinn.com,Male,158.123.172.230,3535670086115126
141,Sibel,Sterte,ssterte3w@biglobe.ne.jp,Female,131.59.76.62,3564614271903288
142,Mikael,Bevens,mbevens3x@mit.edu,Male,15.58.46.172,3555318103889779
143,Lib,Luxton,lluxton3y@feedburner.com,Female,66.237.152.253,4508753968104060
144,Dru,Kornel,dkornel3z@mapquest.com,Female,96.111.72.3,6763570263167341966
145,Oliver,Agett,oagett40@wikispaces.com,Male,163.44.217.235,561025846758642910
146,Belva,Woodus,bwoodus41@princeton.edu,Female,254.133.190.71,3561929820312564
147,Sergent,Faireclough,sfaireclough42@mail.ru,Male,248.242.175.40,670978181995326341
148,Conni,Clapston,cclapston43@360.cn,Female,71.52.92.80,4917242980372017
149,Brandy,Drage,bdrage44@weibo.com,Female,51.54.94.79,5602249737404891
150,Gwendolen,Kloster,gkloster45@intel.com,Female,140.152.127.179,5893678826392041234
151,Berke,Dennant,bdennant46@ask.com,Male,224.125.193.63,201426958869046
152,Isiahi,Szantho,iszantho47@irs.gov,Male,66.54.115.216,3538997095671345
153,Ashby,Cardenas,acardenas48@yahoo.co.jp,Male,251.93.41.24,6763876770162896
154,Nerita,Zaczek,nzaczek49@tinypic.com,Female,171.146.143.141,3547656037800870
155,Dewie,Bonsey,dbonsey4a@squarespace.com,Male,208.239.157.98,3528752330538672
156,Dar,Likely,dlikely4b@statcounter.com,Male,162.241.49.90,201640933772824
157,Bjorn,Seid,bseid4c@nymag.com,Male,98.9.81.76,5038754772980147
158,Andrea,Wehden,awehden4d@canalblog.com,Male,223.126.255.120,3533669515332262
159,Clywd,Vennart,cvennart4e@woothemes.com,Male,225.136.116.12,3545909018554111
160,Fannie,Aiskovitch,faiskovitch4f@g.co,Female,238.28.206.21,3545845982029252
161,Pail,Rafter,prafter4g@princeton.edu,Male,138.135.123.172,5602229490971427
162,Neddy,Coners,nconers4h@weibo.com,Male,134.132.150.210,5610633025131649
163,Kleon,Fluger,kfluger4i@vimeo.com,Male,123.244.1.159,5545896779576745
164,Kinna,Eighteen,keighteen4j@youtu.be,Female,74.197.193.187,201928137296256
165,Sammie,Stefanovic,sstefanovic4k@sourceforge.net,Male,112.107.17.204,3537819059394188
166,Hilary,Woolatt,hwoolatt4l@vimeo.com,Female,45.109.101.160,201881941785289
167,Brander,Barsby,bbarsby4m@fotki.com,Male,131.78.62.26,201720548697739
168,Fleming,Madsen,fmadsen4n@nasa.gov,Male,214.96.2.125,3578437025623885
169,Loree,Zecchii,lzecchii4o@un.org,Female,106.55.9.100,3557592820131537
170,Pattie,Conring,pconring4p@dailymail.co.uk,Male,191.94.200.239,3548916066991746
171,Claudina,Iacobucci,ciacobucci4q@xinhuanet.com,Female,196.149.160.253,5602228107033529857
172,Krissie,Plewright,kplewright4r@whitehouse.gov,Female,39.252.84.3,3545407203968253
173,Corena,Jeffryes,cjeffryes4s@hugedomains.com,Female,190.51.141.109,30087418149200
174,Martynne,Jaycocks,mjaycocks4t@tiny.cc,Female,175.7.145.224,5323457765527446
175,Ronnica,Gatley,rgatley4u@apache.org,Female,149.182.7.184,201640554586875
176,Miguelita,Kayzer,mkayzer4v@flavors.me,Female,55.235.192.112,676205675891294240
177,Munmro,Brumbie,mbrumbie4w@ebay.com,Male,92.24.12.232,5100175995552773
178,Celine,Scarf,cscarf4x@abc.net.au,Female,145.24.8.48,3553062322885661
179,Felix,Baurerich,fbaurerich4y@mail.ru,Male,71.143.135.192,3566060609261502
180,Stacee,Wield,swield4z@google.com,Male,122.249.110.245,56105770621944028
181,Consuela,Sigge,csigge50@dyndns.org,Female,171.152.70.97,6767161813788136314
182,Beckie,Vina,bvina51@yolasite.com,Female,67.155.165.240,564182236776160199
183,Lela,MacGregor,lmacgregor52@telegraph.co.uk,Female,193.165.46.175,3575877361545536
184,Manny,Dabernott,mdabernott53@rediff.com,Male,145.212.19.60,3578539918411284
185,Rivy,Fairfoul,rfairfoul54@irs.gov,Female,121.129.248.19,5602248219736816865
186,Isa,Dugald,idugald55@technorati.com,Male,44.146.153.106,5602217138594875
187,Hartwell,Ovendale,hovendale56@4shared.com,Male,227.104.85.167,3580251388028442
188,Vladimir,Wheatley,vwheatley57@abc.net.au,Male,48.230.177.113,5404613700627848
189,Ardeen,Minifie,aminifie58@indiatimes.com,Female,26.68.176.150,633110415846078512
190,Shelagh,Chalke,schalke59@fastcompany.com,Female,192.136.67.101,3529207892903367
191,Wenonah,Lempel,wlempel5a@usa.gov,Female,119.149.34.183,3588991727934931
192,Konstantine,Charker,kcharker5b@samsung.com,Male,244.7.30.15,5602218896135323
193,Babbie,Cristol,bcristol5c@apache.org,Female,73.88.13.201,5010125881318804
194,Berkly,Brommage,bbrommage5d@telegraph.co.uk,Male,144.33.152.53,4175003704233928
195,Vernor,Renault,vrenault5e@exblog.jp,Male,176.154.63.195,67611928668424114
196,Fletch,Otterwell,fotterwell5f@yelp.com,Male,116.163.125.155,374275774783043
197,Jill,Rioch,jrioch5g@uol.com.br,Female,233.126.53.3,4405166348669427
198,Blythe,McMenamie,bmcmenamie5h@delicious.com,Female,203.242.156.157,3546299249665152
199,Margarette,Batram,mbatram5i@about.com,Female,190.12.215.51,5007665026747396
200,Gaston,Basil,gbasil5j@berkeley.edu,Male,151.194.156.168,4041373751759
201,Tedra,Boullin,tboullin5k@oakley.com,Female,183.128.62.173,3540849014225446
202,Bailie,Ambrosetti,bambrosetti5l@people.com.cn,Male,189.244.35.152,5602230003993734
203,Ravi,Milbourne,rmilbourne5m@nih.gov,Male,161.172.82.60,3577764866387911
204,Terrell,Thunder,tthunder5n@marriott.com,Male,129.111.225.201,3585560819753245
205,Randie,Polhill,rpolhill5o@japanpost.jp,Female,159.55.187.18,201770859314176
206,Cheri,Coppins,ccoppins5p@accuweather.com,Female,93.26.127.161,5100148394047851
207,Korie,Pilpovic,kpilpovic5q@123-reg.co.uk,Female,103.109.197.12,633459580434531708
208,Harry,Eake,heake5r@elegantthemes.com,Male,149.42.151.107,3535631739606986
209,Rustin,Dyshart,rdyshart5s@facebook.com,Male,128.138.74.92,5038775568690277
210,Lock,Dabnor,ldabnor5t@ted.com,Male,82.218.206.124,5038960794195248
211,Jessa,Oats,joats5u@smugmug.com,Female,39.88.147.147,4911932195484405738
212,Gavan,Raithbie,graithbie5v@tinypic.com,Male,194.203.221.241,3530555703023271
213,Blythe,Downton,bdownton5w@jigsy.com,Female,242.59.192.76,201428751277591
214,Tait,MacPharlain,tmacpharlain5x@shop-pro.jp,Male,147.148.12.163,4917084991086248
215,Mercedes,Cane,mcane5y@simplemachines.org,Female,252.97.199.86,5602221094174409
216,Micaela,Helstrom,mhelstrom5z@fema.gov,Female,62.54.178.139,30292367662241
217,Kay,Tye,ktye60@noaa.gov,Female,237.184.183.149,5602248818857704
218,Augustine,Goldney,agoldney61@dropbox.com,Male,200.13.253.69,6304692969378516
219,Caryl,Yankov,cyankov62@pagesperso-orange.fr,Male,19.166.33.21,3579982860925456
220,Clive,Fink,cfink63@hp.com,Male,73.206.206.169,5602225248526012978
221,Drake,Stonehouse,dstonehouse64@bravesites.com,Male,239.223.87.89,3573933231698369
222,Cindee,Adacot,cadacot65@webs.com,Female,38.89.214.56,6706079743766741
223,Pamella,Garrick,pgarrick66@multiply.com,Female,13.142.15.232,3548595704654989
224,Julietta,Tie,jtie67@japanpost.jp,Female,184.196.53.150,3545773787557196
225,Lamont,Stripp,lstripp68@cdc.gov,Male,150.74.155.15,36629787953391
226,Giulia,Croson,gcroson69@wired.com,Female,36.119.30.159,5602243084940375
227,Dawn,Mar,dmar6a@photobucket.com,Female,148.21.101.21,3567923079834083
228,Jillayne,Sully,jsully6b@devhub.com,Female,42.175.98.189,3549695204525843
229,Jessalyn,Rudsdell,jrudsdell6c@irs.gov,Female,237.67.92.99,3559301843627390
230,Jareb,Coton,jcoton6d@jimdo.com,Male,36.211.122.216,201848951676633
231,Andrus,Benck,abenck6e@surveymonkey.com,Male,152.75.51.153,3537083024140560
232,Montague,Arlett,marlett6f@photobucket.com,Male,202.47.200.184,3556742066957258
233,Zara,Pena,zpena6g@topsy.com,Female,163.247.241.42,491102104194420236
234,Grantley,Duplain,gduplain6h@acquirethisname.com,Male,21.244.123.154,6389541122444509
235,Harmonia,Tatters,htatters6i@hubpages.com,Female,109.223.85.90,3563247483894739
236,Corny,Chance,cchance6j@imdb.com,Male,37.144.224.246,201694346677732
237,Vasili,Harvison,vharvison6k@pbs.org,Male,131.131.240.86,4936425736653023
238,Philis,Marcos,pmarcos6l@msn.com,Female,98.241.19.25,3550112179292603
239,Ashla,Anelay,aanelay6m@mediafire.com,Female,221.165.205.82,3535740595111781
240,Russell,Gregoraci,rgregoraci6n@biglobe.ne.jp,Male,191.34.40.199,3570504844303433
241,Granger,Dederick,gdederick6o@ted.com,Male,38.119.253.252,5464073624429739
242,Druci,Skudder,dskudder6p@businesswire.com,Female,223.123.241.103,4041379954464
243,Weber,Thomazin,wthomazin6q@opera.com,Male,128.105.156.46,630434309953463861
244,Sallie,Worcs,sworcs6r@auda.org.au,Female,189.7.83.137,3528136286239958
245,Evangelia,Howden,ehowden6s@twitter.com,Female,154.151.189.112,4844996881739297
246,Boigie,McCool,bmccool6t@paypal.com,Male,8.101.178.21,6304961601483921
247,Costanza,Mignot,cmignot6u@topsy.com,Female,199.102.160.158,3530863881944056
248,Krispin,Battyll,kbattyll6v@answers.com,Male,24.48.50.151,3530803507947786
249,Lorrayne,Hebblewhite,lhebblewhite6w@house.gov,Female,43.187.250.142,3528485119127611
250,Verna,Tours,vtours6x@vistaprint.com,Female,64.61.229.123,3538404584636459
251,Ebony,Leipoldt,eleipoldt6y@epa.gov,Female,58.78.133.63,3546874565974907
252,Adah,Kunkel,akunkel6z@wired.com,Female,146.176.106.139,3555754033804977
253,Gerick,Millott,gmillott70@columbia.edu,Male,143.245.218.156,5610119210276316
254,Myrtice,Scarbarrow,mscarbarrow71@sakura.ne.jp,Female,218.35.95.223,5602253125636320
255,Roi,Cicchelli,rcicchelli72@devhub.com,Male,111.208.119.228,201472639495785
256,Elysee,Powers,epowers73@bandcamp.com,Female,197.143.79.47,30452892563971
257,Armando,Dunbar,adunbar74@xrea.com,Male,107.197.63.99,3558940082928182
258,Cybill,Townley,ctownley75@rediff.com,Female,205.190.247.122,5602239362613395
259,Sydney,Duffer,sduffer76@w3.org,Female,127.176.121.134,5602234647243472
260,Olive,Cluney,ocluney77@nyu.edu,Female,110.141.65.254,5100149741878683
261,Caitrin,Timmins,ctimmins78@hp.com,Female,92.213.21.243,3543834341196376
262,Vaughan,Paoletto,vpaoletto79@google.fr,Male,52.157.84.170,5610262523987284
263,Bryant,Perl,bperl7a@google.ca,Male,210.124.150.140,3587226876674918
264,Spence,Hildred,shildred7b@mapquest.com,Male,61.175.129.38,30401082163191
265,Chadd,Jemmett,cjemmett7c@photobucket.com,Male,52.73.176.65,491161667996373561
266,Jodie,Yacobsohn,jyacobsohn7d@disqus.com,Male,44.18.212.58,5100134405452124
267,Carolann,Kent,ckent7e@paypal.com,Female,70.99.187.104,201526265186198
268,Lonnie,Jaqueme,ljaqueme7f@wufoo.com,Male,226.244.53.46,3535718836314000
269,Albertine,Lutwyche,alutwyche7g@diigo.com,Female,229.242.141.245,3571013464118823
270,Dorey,Ludlow,dludlow7h@engadget.com,Male,225.100.199.147,491162410795693171
271,Julian,Leadbitter,jleadbitter7i@tamu.edu,Male,32.131.201.155,5100133080338681
272,Odie,Clench,oclench7j@google.com,Male,158.99.177.209,3529236994176796
273,Amata,Rous,arous7k@phoca.cz,Female,102.143.87.195,5610632285123197
274,Deonne,Fenge,dfenge7l@google.es,Female,4.233.239.77,3545154489778838
275,Luelle,Gerriet,lgerriet7m@timesonline.co.uk,Female,166.186.20.148,3530748541844574
276,Martynne,Rudolf,mrudolf7n@geocities.jp,Female,188.11.113.156,3582556567792735
277,Inglebert,Keymar,ikeymar7o@github.com,Male,212.172.21.97,3582100541679112
278,Burt,Ibert,bibert7p@tinyurl.com,Male,86.249.158.154,201981649313507
279,Faulkner,Whittier,fwhittier7q@liveinternet.ru,Male,197.77.196.221,376814812821551
280,Merilee,Lacey,mlacey7r@xinhuanet.com,Female,15.63.187.73,676300850756288785
281,Jordana,Reskelly,jreskelly7s@instagram.com,Female,226.185.67.155,5893478466708902563
282,Ahmad,Leece,aleece7t@tripadvisor.com,Male,214.46.70.215,6375556130352433
283,Desdemona,Excell,dexcell7u@fotki.com,Female,122.2.198.81,3562232945683228
284,Mikel,Corbin,mcorbin7v@prlog.org,Male,115.92.104.255,3581529255326646
285,Kendricks,Hoggin,khoggin7w@google.it,Male,39.133.83.17,3576673805356815
286,Yul,Shrimptone,yshrimptone7x@webs.com,Male,103.158.1.11,3573849551078224
287,Paddy,Osment,posment7y@eepurl.com,Male,9.91.100.2,3580658629940997
288,Angie,Wallsworth,awallsworth7z@nps.gov,Male,90.17.61.148,4917244677434159
289,Scarface,Heinke,sheinke80@usnews.com,Male,223.248.112.183,3555975865879155
290,Leonie,Pinchon,lpinchon81@wikia.com,Female,237.176.23.204,3544158281922263
291,Jacklyn,Robrose,jrobrose82@vkontakte.ru,Female,158.192.137.223,3553784056477601
292,Wait,Rintoul,wrintoul83@ox.ac.uk,Male,24.160.178.203,3581124830940622
293,Letizia,Waddoups,lwaddoups84@admin.ch,Female,21.63.252.240,3563160069598873
294,Andeee,Mant,amant85@fotki.com,Female,3.220.27.203,4041590075443245
295,Gabbie,Bettinson,gbettinson86@shop-pro.jp,Male,68.115.52.172,3558405623092112
296,Coralie,Hully,chully87@example.com,Female,206.134.91.232,30539465126879
297,Tedd,Brosenius,tbrosenius88@oaic.gov.au,Male,211.221.77.160,5038374831579161440
298,Maribeth,Drinkeld,mdrinkeld89@reddit.com,Female,45.222.87.10,3532678499528069
299,Derward,Henrichsen,dhenrichsen8a@bluehost.com,Male,155.217.28.123,201925182354501
300,Trixy,Summergill,tsummergill8b@sitemeter.com,Female,168.20.6.33,670936221495471279
301,Sax,Radloff,sradloff8c@barnesandnoble.com,Male,73.70.77.43,30329779367439
302,Hermie,McCaig,hmccaig8d@lulu.com,Male,230.196.188.17,3587544136308949
303,Tammie,MacCartan,tmaccartan8e@simplemachines.org,Female,15.107.254.169,3545966014140824
304,Kippar,Macek,kmacek8f@mashable.com,Male,242.47.69.214,30518812888670
305,Burgess,Lockyear,blockyear8g@ibm.com,Male,98.28.252.49,4041379030588
306,Ad,Fairfull,afairfull8h@shinystat.com,Male,71.254.252.216,5100148740003442
307,Kenton,Scammonden,kscammonden8i@ftc.gov,Male,95.221.208.213,201741169941818
308,Evonne,Masselin,emasselin8j@time.com,Female,182.163.100.105,3548515861224913
309,Nathalia,Thomlinson,nthomlinson8k@who.int,Female,163.55.232.136,5183947679943613
310,Torry,Diem,tdiem8l@thetimes.co.uk,Male,255.243.3.213,3565753944748867
311,Billi,Kmicicki,bkmicicki8m@accuweather.com,Female,139.81.195.155,5602246052115615
312,Derrik,Karus,dkarus8n@wisc.edu,Male,108.104.5.226,30042496558129
313,Bryanty,Wetherick,bwetherick8o@thetimes.co.uk,Male,218.113.168.53,3548720021846833
314,Gavra,Willgrass,gwillgrass8p@blog.com,Female,57.78.188.150,3581625405658209
315,Rabi,Berget,rberget8q@artisteer.com,Male,141.162.129.41,30419049012749
316,Cacilia,Bim,cbim8r@sciencedaily.com,Female,106.93.82.226,4017950252155
317,Othella,Markey,omarkey8s@cyberchimps.com,Female,30.186.48.221,3587186592422424
318,Menard,Fatscher,mfatscher8t@nymag.com,Male,162.176.159.102,30045614449170
319,Larine,Greguoli,lgreguoli8u@360.cn,Female,178.217.112.130,3539681368375623
320,Kali,Ledes,kledes8v@miibeian.gov.cn,Female,184.52.205.120,3573712604706847
321,Ninetta,Taks,ntaks8w@liveinternet.ru,Female,30.56.48.137,379041963488009
322,Cully,Soles,csoles8x@barnesandnoble.com,Male,26.186.71.106,4508238978757628
323,Nichole,Grovier,ngrovier8y@buzzfeed.com,Male,22.98.249.157,3548175669974282
324,Windy,Greendale,wgreendale8z@spotify.com,Female,212.34.203.149,3587763779655180
325,Huey,Chessun,hchessun90@pen.io,Male,99.86.60.239,3529335972615955
326,Egor,Carnall,ecarnall91@quantcast.com,Male,136.188.146.152,6389510330265097
327,Laura,Bartels,lbartels92@phpbb.com,Female,24.108.27.161,501875677173977020
328,Samantha,Peppett,speppett93@huffingtonpost.com,Female,1.220.89.85,6304448446693435
329,Sayre,Dryden,sdryden94@mysql.com,Female,152.135.245.199,3586714533011526
330,Barnabe,Chatel,bchatel95@dailymotion.com,Male,26.108.54.207,56022379048015493
331,Shawna,Clues,sclues96@howstuffworks.com,Female,220.128.179.138,3572951522937560
332,Marissa,Fordy,mfordy97@mozilla.org,Female,246.143.148.203,5602239725538111009
333,Belva,Fassam,bfassam98@plala.or.jp,Female,10.51.164.115,3541658961520710
334,Obadias,McTrusty,omctrusty99@newyorker.com,Male,247.107.156.214,3572720214613866
335,Stearne,Willoughby,swilloughby9a@loc.gov,Male,48.18.201.104,5117329897550945
336,Raphaela,Wibrew,rwibrew9b@usnews.com,Female,44.253.172.3,6304839079683716634
337,Doug,Patey,dpatey9c@vistaprint.com,Male,246.148.35.211,5602241998184482869
338,Ardis,Bounds,abounds9d@about.com,Female,236.240.229.193,491119312427736697
339,Corilla,Theodore,ctheodore9e@pen.io,Female,182.235.218.161,3529927083036400
340,Guinna,Rawlin,grawlin9f@latimes.com,Female,208.185.157.228,5893888807045801311
341,Cull,Deekes,cdeekes9g@ucoz.com,Male,124.106.119.126,372301035715954
342,Salomo,Klimentov,sklimentov9h@sfgate.com,Male,50.102.27.196,3589806550818028
343,Olenolin,Kesper,okesper9i@ow.ly,Male,253.212.7.202,5100138424522775
344,Lesly,Duester,lduester9j@zimbio.com,Female,178.210.168.247,3568547114823097
345,Wright,Stranieri,wstranieri9k@ovh.net,Male,221.179.181.106,3563813792173683
346,Bryce,Enric,benric9l@businessinsider.com,Male,20.115.166.164,3538936757821293
347,Wallie,Flecknell,wflecknell9m@acquirethisname.com,Male,46.115.155.217,56022483397621982
348,Guthry,O'Crigane,gocrigane9n@1und1.de,Male,137.81.178.9,3584708142072954
349,Kaye,Goodluck,kgoodluck9o@hostgator.com,Female,12.225.201.190,633324151208327112
350,Nikos,Peek,npeek9p@seattletimes.com,Male,150.75.211.210,3533234071807924
351,Dix,Skippings,dskippings9q@deviantart.com,Female,76.171.156.155,4844471438557865
352,Adan,Spoole,aspoole9r@homestead.com,Male,31.26.224.183,30228807057832
353,Brad,Steeden,bsteeden9s@ycombinator.com,Male,138.40.175.75,337941752797513
354,Pattie,Fawdrey,pfawdrey9t@hibu.com,Male,18.117.122.163,3584676068919633
355,Archy,Weild,aweild9u@dmoz.org,Male,14.82.30.96,3581368276603281
356,Vick,Aurelius,vaurelius9v@nifty.com,Male,53.18.45.224,30096160511152
357,Whitby,Grimwood,wgrimwood9w@gov.uk,Male,216.62.193.97,5610775496900695
358,Aggie,Bris,abris9x@flavors.me,Female,187.69.196.79,3538272719170235
359,Madelle,Bynold,mbynold9y@rakuten.co.jp,Female,192.56.97.85,374288650961732
360,Phyllys,Andreucci,pandreucci9z@stanford.edu,Female,233.96.17.110,3552787420123554
361,Daven,Lidgley,dlidgleya0@wired.com,Male,10.185.176.115,3581769637527269
362,Maury,Melior,mmeliora1@apple.com,Male,102.104.151.203,374288041891416
363,Baxie,Pudner,bpudnera2@weibo.com,Male,160.8.8.154,30465379094724
364,Suzie,Radbourn,sradbourna3@about.me,Female,149.197.123.78,3567649083402191
365,Gerianna,Stolberger,gstolbergera4@buzzfeed.com,Female,33.155.140.201,30551179853607
366,Petey,Knottley,pknottleya5@foxnews.com,Male,232.249.60.235,5336136087691214
367,Worthington,Andreazzi,wandreazzia6@biglobe.ne.jp,Male,78.29.252.205,201977634573436
368,Leisha,Fairest,lfairesta7@webnode.com,Female,7.183.169.41,3529574035468719
369,Monika,Corkill,mcorkilla8@zimbio.com,Female,26.241.203.114,677125596644555841
370,Alister,Gipps,agippsa9@eventbrite.com,Male,135.226.197.252,3564035161662810
371,Smitty,Koppel,skoppelaa@army.mil,Male,117.13.14.84,4508266236394371
372,Ivan,Sancraft,isancraftab@cmu.edu,Male,224.202.60.169,5472804922897528
373,Almeda,Saben,asabenac@tmall.com,Female,6.66.245.111,5540872949982514
374,Bond,Rosson,brossonad@youtube.com,Male,202.183.100.252,376567640997858
375,Carolus,Turney,cturneyae@amazon.com,Male,7.105.112.185,3547012009234708
376,Bryan,Lorrimer,blorrimeraf@imgur.com,Male,107.145.194.177,3585276034670995
377,Marthena,Melburg,mmelburgag@about.com,Female,129.79.136.111,374283766500045
378,Rozalie,Frondt,rfrondtah@house.gov,Female,148.5.148.39,3530676832388813
379,Wade,Happs,whappsai@privacy.gov.au,Male,69.85.88.249,4041375408750361
380,Skippy,Blind,sblindaj@desdev.cn,Male,143.188.188.170,3531948629776537
381,Correy,Alekhov,calekhovak@homestead.com,Female,127.243.174.26,3577962174595809
382,Waneta,Quig,wquigal@biblegateway.com,Female,253.108.17.14,3536208502677814
383,Fax,Knowler,fknowleram@fema.gov,Male,200.173.102.110,3541951978236374
384,Kalila,Stoacley,kstoacleyan@sourceforge.net,Female,184.6.219.11,5018479845873376
385,Joete,Dubble,jdubbleao@dot.gov,Female,60.184.54.74,5100148098348662
386,Orland,Amberg,oambergap@gizmodo.com,Male,78.4.44.195,5568012724563919
387,Clarence,Hirsthouse,chirsthouseaq@archive.org,Male,77.200.197.26,4917917994065687
388,Sarajane,Hellmore,shellmorear@google.com.br,Female,92.90.163.62,3570880617356158
389,Pasquale,Pigford,ppigfordas@cnbc.com,Male,135.181.171.79,3540439996106127
390,Isabeau,Orrill,iorrillat@engadget.com,Female,165.84.98.158,3557751753038834
391,Muhammad,Cow,mcowau@archive.org,Male,77.213.60.147,3541205306906780
392,Gawain,Gerrett,ggerrettav@nsw.gov.au,Male,15.149.131.110,30292584158783
393,Pen,Shewon,pshewonaw@answers.com,Male,243.91.8.22,5602257220552134
394,Zelma,Pettman,zpettmanax@myspace.com,Female,239.57.234.247,3584589242608925
395,Hyacinthia,Inkpen,hinkpenay@wikipedia.org,Female,15.198.139.25,3550119002021802
396,Berti,Frazier,bfrazieraz@naver.com,Female,119.209.240.254,5610884681054886
397,Herman,Chipping,hchippingb0@php.net,Male,3.205.147.79,3587250058838992
398,Storm,Reay,sreayb1@prnewswire.com,Female,219.190.79.209,3574618256538322
399,Aggie,Ivantyev,aivantyevb2@theglobeandmail.com,Female,88.214.175.163,3579909834207257
400,Georgena,Claffey,gclaffeyb3@printfriendly.com,Female,254.135.136.178,6709696472281899310
401,Findlay,Cumes,fcumesb4@skyrock.com,Male,199.187.224.201,5610507038694506
402,Roma,Kenn,rkennb5@home.pl,Male,125.187.25.74,3529172419121804
403,Farica,Hosby,fhosbyb6@reverbnation.com,Female,121.198.105.27,30499197387424
404,Livvie,Clerke,lclerkeb7@wired.com,Female,27.93.59.176,3548703629229560
405,Isidora,Columbell,icolumbellb8@eepurl.com,Female,86.106.251.143,30232620914518
406,Munmro,Godwyn,mgodwynb9@intel.com,Male,198.98.53.55,3572241174816605
407,Bernadene,Ciobotaru,bciobotaruba@opensource.org,Female,155.167.105.23,3583460949569276
408,Willy,Andres,wandresbb@moonfruit.com,Female,209.248.98.158,5893217202463625826
409,Odie,Winstanley,owinstanleybc@etsy.com,Male,40.224.186.15,3559711185171494
410,Niels,Hallbord,nhallbordbd@bizjournals.com,Male,218.154.143.198,372301350893352
411,Horton,Jordi,hjordibe@cdc.gov,Male,219.132.106.37,3555068014829196
412,Celestine,Bukac,cbukacbf@issuu.com,Female,34.117.155.148,5602229542314667
413,Geordie,Harold,gharoldbg@skype.com,Male,75.14.46.124,5602225364790116781
414,Jacquenetta,Molines,jmolinesbh@youku.com,Female,39.78.244.115,3577638140183041
415,Miran,Volet,mvoletbi@marriott.com,Female,88.6.98.219,3551390969066069
416,Aurea,Gouny,agounybj@cocolog-nifty.com,Female,59.91.93.22,3547003771447917
417,Angelo,Kirkbright,akirkbrightbk@google.pl,Male,199.202.13.79,3562960357947208
418,Flossy,Quiddington,fquiddingtonbl@last.fm,Female,130.78.172.231,3543040108965785
419,Hildagarde,Abramcik,habramcikbm@rakuten.co.jp,Female,90.8.118.119,6761890311257232
420,Fay,Iskowitz,fiskowitzbn@springer.com,Female,158.165.135.219,3554622257671425
421,Roseanne,Collocott,rcollocottbo@arstechnica.com,Female,239.230.241.200,3577588989235560
422,Miner,MacVicar,mmacvicarbp@nba.com,Male,93.240.222.185,5100174287264049
423,Conant,Inglesfield,cinglesfieldbq@instagram.com,Male,146.122.212.242,3563750700640942
424,Shel,Graben,sgrabenbr@weibo.com,Female,31.226.155.60,3546958277335489
425,Elmira,Glassborow,eglassborowbs@ow.ly,Female,23.4.229.136,3533990015504634
426,Paula,McMeeking,pmcmeekingbt@blogs.com,Female,216.214.16.198,374622239670895
427,Joey,Ledward,jledwardbu@cnet.com,Male,178.185.52.11,3557571450308599
428,Itch,Snazle,isnazlebv@digg.com,Male,203.159.240.43,201995755086731
429,Jarrod,Rogers,jrogersbw@discovery.com,Male,252.182.125.195,3579879610228548
430,Misha,Burdon,mburdonbx@de.vu,Female,10.112.6.32,67597566163302191
431,Star,Laycock,slaycockby@github.io,Female,205.162.159.84,3556466071388222
432,Laurence,Chadbourne,lchadbournebz@cbslocal.com,Male,190.221.195.85,5100178219111525
433,Martynne,Bunston,mbunstonc0@discuz.net,Female,255.221.218.127,4663823756967332
434,Gussy,Shoorbrooke,gshoorbrookec1@zimbio.com,Female,43.122.97.46,5602218212957723
435,Nestor,Tolchar,ntolcharc2@ihg.com,Male,11.66.242.209,6767408822923905
436,Shoshana,Walewski,swalewskic3@answers.com,Female,122.103.211.88,3547835399414146
437,Korie,Salman,ksalmanc4@redcross.org,Female,140.157.101.11,374288346563637
438,Suzann,Shearman,sshearmanc5@liveinternet.ru,Female,40.19.190.107,3564639200148564
439,Cari,Cisco,cciscoc6@google.com.hk,Female,95.133.128.169,3529164345978506
440,Rochell,Mattheissen,rmattheissenc7@trellian.com,Female,140.28.68.170,4508989147950748
441,Sharon,Power,spowerc8@merriam-webster.com,Female,190.2.23.61,4041374745867
442,Vassili,Capin,vcapinc9@cnn.com,Male,248.153.96.116,6759841403567214451
443,Rorie,Beslier,rbeslierca@icio.us,Female,183.85.28.125,6331108109898682
444,Jere,Pegg,jpeggcb@craigslist.org,Female,93.130.173.38,3531697656607525
445,Richart,Lermouth,rlermouthcc@ovh.net,Male,6.107.189.253,3543815394192594
446,Minni,Pinchon,mpinchoncd@printfriendly.com,Female,181.244.212.97,6377571377503240
447,Drew,Schaumann,dschaumannce@marketwatch.com,Male,226.60.66.80,3589262276266029
448,Nicholle,Conboy,nconboycf@sfgate.com,Female,114.73.147.152,5048375883737768
449,Marrilee,Green,mgreencg@usatoday.com,Female,111.208.31.80,3541444082974908
450,Anthiathia,Cheatle,acheatlech@dedecms.com,Female,128.95.248.36,3580909515924524
451,Laetitia,Knatt,lknattci@flickr.com,Female,65.105.232.49,6379351430476371
452,Alisander,Cinnamond,acinnamondcj@discuz.net,Male,19.57.180.220,36427254417960
453,Bidget,Scrace,bscraceck@biglobe.ne.jp,Female,228.169.72.116,3546190125612451
454,Gabi,Rusk,gruskcl@nifty.com,Female,186.228.149.19,0604155494133786498
455,Garreth,Cawston,gcawstoncm@chicagotribune.com,Male,32.184.235.217,3528944921881419
456,Corty,Rainsdon,crainsdoncn@ocn.ne.jp,Male,10.222.204.213,6762408692231370546
457,Dall,Kirimaa,dkirimaaco@economist.com,Male,214.222.6.21,6397735262428591
458,Jaclyn,Kausche,jkauschecp@weibo.com,Female,37.40.203.165,3584180426011233
459,Mordy,Reddick,mreddickcq@weebly.com,Male,252.53.220.140,6759879958332494535
460,Tess,Tolchar,ttolcharcr@hubpages.com,Female,42.2.118.92,3541656757488100
461,Ulrick,Bracchi,ubracchics@accuweather.com,Male,190.27.16.121,6384438651723095
462,Katharine,Maysor,kmaysorct@dell.com,Female,96.18.128.45,3578193553922187
463,Cinderella,O'Dowd,codowdcu@mapy.cz,Female,128.62.37.146,3541988864298464
464,Meggy,Clausius,mclausiuscv@kickstarter.com,Female,107.79.127.106,4903397789321312
465,Delora,Auchterlonie,dauchterloniecw@apache.org,Female,14.215.171.67,5108750329820880
466,Adams,Marquis,amarquiscx@dion.ne.jp,Male,186.205.8.108,67635074575685406
467,Jereme,Salling,jsallingcy@mozilla.org,Male,208.125.215.195,374288942407551
468,Bjorn,Mulles,bmullescz@people.com.cn,Male,87.239.164.98,3555429628451555
469,Charmine,Clubley,cclubleyd0@pen.io,Female,224.219.11.100,3551496169982243
470,Tuck,Duinbleton,tduinbletond1@dyndns.org,Male,201.184.52.244,3556396967557400
471,Pascale,Westmancoat,pwestmancoatd2@ustream.tv,Male,191.128.73.160,060425684049348982
472,James,Fotitt,jfotittd3@bluehost.com,Male,118.65.210.223,4903083189373281
473,Chas,Hegarty,chegartyd4@businesswire.com,Male,40.58.53.246,6333844429544289648
474,Aprilette,Drohun,adrohund5@angelfire.com,Female,19.226.134.129,36181846462915
475,Candy,Stower,cstowerd6@goodreads.com,Female,46.58.84.196,5007667753606282
476,Bartholemy,Bruntjen,bbruntjend7@accuweather.com,Male,202.6.51.190,3577318557217638
477,Thain,Braycotton,tbraycottond8@twitter.com,Male,53.96.221.152,3528085220914483
478,Emmalee,Tideswell,etideswelld9@goo.gl,Female,213.160.166.201,3585982132316940
479,Fanya,Robertot,frobertotda@163.com,Female,166.66.27.33,6759170551101660117
480,Nathan,Pechet,npechetdb@infoseek.co.jp,Male,77.183.106.93,3550610038691717
481,Bambie,Behr,bbehrdc@squarespace.com,Female,133.21.107.150,30039718955638
482,Janie,Vuittet,jvuittetdd@who.int,Female,183.69.231.121,6763967323950588
483,Brenna,Ludy,bludyde@smh.com.au,Female,250.77.99.94,30125503261520
484,Orrin,Elmhirst,oelmhirstdf@imgur.com,Male,18.123.91.132,3537912099769632
485,Samuele,Barltrop,sbarltropdg@cargocollective.com,Male,214.37.60.13,5100132347279829
486,Kessia,Stare,kstaredh@vistaprint.com,Female,67.235.214.150,3582300986987513
487,Timi,Batten,tbattendi@examiner.com,Female,85.228.250.242,5602259821542670
488,Yankee,Stranger,ystrangerdj@xinhuanet.com,Male,232.223.169.191,372301500865243
489,Meghann,Janacek,mjanacekdk@vinaora.com,Female,24.191.21.199,3587746859736285
490,Norri,Kingscote,nkingscotedl@soundcloud.com,Female,175.101.31.173,5100173137926039
491,Wilburt,Faull,wfaulldm@slashdot.org,Male,119.155.78.123,4844127831309664
492,Huntlee,Andrat,handratdn@opensource.org,Male,144.187.93.127,201488802069728
493,Doralia,Steljes,dsteljesdo@dyndns.org,Female,85.175.190.51,6372287824354914
494,Malva,Gooda,mgoodadp@hp.com,Female,193.211.192.24,3537546594367557
495,Davidson,Kynan,dkynandq@noaa.gov,Male,26.223.229.171,3557385071791517
496,Bobbee,Lubman,blubmandr@twitpic.com,Female,68.230.184.59,4405528570430960
497,Everard,Hauxby,ehauxbyds@t-online.de,Male,235.76.97.240,5602232953606969
498,Mord,Frankiss,mfrankissdt@elegantthemes.com,Male,44.213.118.178,3541099541707552
499,Glendon,Menlow,gmenlowdu@npr.org,Male,143.189.41.195,5530315345186324
500,Kessia,Walsh,kwalshdv@blogger.com,Female,3.150.40.68,4041599783025244
501,Garvey,Cawthry,gcawthrydw@wp.com,Male,33.191.155.87,3553590199751772
502,Portie,Goldfinch,pgoldfinchdx@sphinn.com,Male,173.69.74.134,5610083008951136
503,Beck,Tite,btitedy@bizjournals.com,Male,157.7.84.175,3534386699888279
504,Donnie,Marling,dmarlingdz@google.pl,Male,108.106.169.141,5602220881091818
505,Garreth,Gamage,ggamagee0@godaddy.com,Male,110.27.21.244,67598018641313720
506,Lizabeth,Steers,lsteerse1@arstechnica.com,Female,74.186.117.111,374622993662161
507,Mitch,Bartolomieu,mbartolomieue2@yelp.com,Male,249.227.179.255,5020466190874438020
508,Marketa,Bardwall,mbardwalle3@is.gd,Female,223.142.17.62,4041370916413
509,Lizzie,Grouen,lgrouene4@people.com.cn,Female,23.124.97.213,560222241402350339
510,Annnora,Cregeen,acregeene5@boston.com,Female,124.50.20.196,564182245773222027
511,Hubey,Maunders,hmaunderse6@europa.eu,Male,91.156.20.217,5602233633739014
512,Krystalle,Larder,klardere7@naver.com,Female,14.182.96.25,4844954126991694
513,Pancho,O'Currane,pocurranee8@cyberchimps.com,Male,17.26.91.118,5311725249275871
514,Griswold,Hundey,ghundeye9@biglobe.ne.jp,Male,212.90.163.79,201639043739038
515,Dru,Mac,dmacea@columbia.edu,Female,66.146.63.101,337941890991861
516,Monti,Measey,mmeaseyeb@weibo.com,Male,193.56.36.224,372301709413878
517,Christian,Gaucher,cgaucherec@europa.eu,Female,160.22.102.118,3548081939756022
518,Nonnah,Sobczak,nsobczaked@craigslist.org,Female,106.219.54.94,5108758086096859
519,Pietro,Pratchett,ppratchettee@addthis.com,Male,201.21.74.34,3570066774929520
520,Stavro,Jozwicki,sjozwickief@pcworld.com,Male,73.251.227.135,6304831191448960106
521,Harlin,Cressy,hcressyeg@yahoo.co.jp,Male,119.112.112.56,4681041564975
522,Duane,Sopp,dsoppeh@answers.com,Male,75.86.176.86,3557948254932388
523,Griffin,Frankcom,gfrankcomei@wikispaces.com,Male,15.185.234.178,4414299306661
524,Anjela,Farey,afareyej@flickr.com,Female,240.19.59.137,36643067390323
525,Dasie,Barreau,dbarreauek@ning.com,Female,31.246.136.45,3559613860103166
526,Eliot,Svanini,esvaniniel@ihg.com,Male,225.26.175.138,3554592766608129
527,Eugen,Francescuzzi,efrancescuzziem@patch.com,Male,4.35.226.51,5431359606249884
528,Deina,Lipmann,dlipmannen@cnet.com,Female,148.221.51.177,3582683323831753
529,Mycah,Bruton,mbrutoneo@dmoz.org,Male,9.45.204.80,3584514918217124
530,Gustav,Brusle,gbrusleep@hp.com,Male,15.155.151.167,3544884823940071
531,Abigael,Grunwall,agrunwalleq@marriott.com,Female,91.103.114.144,4903751016549659
532,Kathy,Skyrm,kskyrmer@washington.edu,Female,16.106.167.54,4017958556391
533,Corilla,Jeffcoat,cjeffcoates@dmoz.org,Female,107.226.48.230,3580650348161468
534,Callie,Vedekhov,cvedekhovet@cocolog-nifty.com,Female,68.28.188.106,3585384392990854
535,Consuelo,Medwell,cmedwelleu@hostgator.com,Female,116.241.8.253,3567927354737010
536,Izaak,Di Meo,idimeoev@ehow.com,Male,174.93.100.70,374288400585260
537,Pauli,Salzberger,psalzbergerew@gizmodo.com,Female,198.191.207.111,3543602277951761
538,Delaney,Olpin,dolpinex@rambler.ru,Male,128.92.231.67,5602247074593417
539,Artemas,Fleury,afleuryey@newsvine.com,Male,35.93.94.24,372301422225500
540,Angelina,Stemp,astempez@topsy.com,Female,105.53.255.89,3566183939081711
541,Rennie,Aronov,raronovf0@sciencedirect.com,Female,207.229.7.208,3544699763413362
542,Wilt,Fontelles,wfontellesf1@fc2.com,Male,57.32.160.105,3571776830878508
543,Joli,Halwood,jhalwoodf2@multiply.com,Female,36.34.67.116,4844354086271627
544,Patricio,Marusyak,pmarusyakf3@dmoz.org,Male,196.116.247.97,5010125712559147
545,Carmita,Worsom,cworsomf4@google.ru,Female,189.253.100.227,3578153978800848
546,Nick,Jeannard,njeannardf5@hc360.com,Male,64.167.219.182,6304694962475158
547,Vally,Hugk,vhugkf6@ycombinator.com,Female,216.219.165.171,560221757087230182
548,Rosalind,Thaine,rthainef7@blogger.com,Female,243.254.244.109,3569519970130684
549,Antoinette,Bennit,abennitf8@istockphoto.com,Female,237.245.53.34,3542497971543381
550,Gareth,Vowles,gvowlesf9@upenn.edu,Male,27.98.80.27,3553085105856153
551,Hal,Dauncey,hdaunceyfa@discovery.com,Male,146.85.90.102,5556420224952678
552,Danyette,Retallack,dretallackfb@livejournal.com,Female,91.64.42.76,201878745444451
553,Katrinka,Rollings,krollingsfc@rakuten.co.jp,Female,82.73.1.105,5602236773279137224
554,Barnie,Longlands,blonglandsfd@wikipedia.org,Male,133.206.151.106,3545565628302000
555,Willem,Simnel,wsimnelfe@mapy.cz,Male,107.251.190.135,3561168321827255
556,Linoel,Traves,ltravesff@cnn.com,Male,204.120.118.174,6709312486768179
557,Frederico,Girardini,fgirardinifg@noaa.gov,Male,177.14.120.213,3580972396824734
558,Helsa,Dalgety,hdalgetyfh@altervista.org,Female,233.18.121.24,3573855947660377
559,Gwenette,Ambrogioli,gambrogiolifi@mtv.com,Female,229.99.86.185,3552753566828638
560,Lisbeth,Leggis,lleggisfj@clickbank.net,Female,129.206.188.47,3549432991929560
561,Ebony,McCaster,emccasterfk@blinklist.com,Female,42.180.183.33,337941721107240
562,Adina,Grelik,agrelikfl@howstuffworks.com,Female,146.202.229.33,3528056407801272
563,Reginald,Munehay,rmunehayfm@1688.com,Male,85.63.100.87,30350610103007
564,Gallagher,Raddin,graddinfn@spiegel.de,Male,130.146.141.232,30267937144235
565,Glory,Mahomet,gmahometfo@state.tx.us,Female,199.154.15.172,5100145471720673
566,Cornelle,Jekyll,cjekyllfp@twitter.com,Female,135.255.192.238,560225796529762184
567,Rutter,Pratley,rpratleyfq@aol.com,Male,22.150.230.241,3585226534201395
568,Cairistiona,Welldrake,cwelldrakefr@seattletimes.com,Female,214.77.223.132,30341762228387
569,Rik,Faire,rfairefs@pinterest.com,Male,76.252.97.17,6390448245457623
570,Moreen,Frangello,mfrangelloft@netvibes.com,Female,231.51.166.1,3578772033348822
571,Shannan,Wallice,swallicefu@acquirethisname.com,Male,59.196.237.12,3539652948948098
572,Dyanne,Newman,dnewmanfv@google.de,Female,177.60.206.165,3583117966263213
573,Skelly,Carlaw,scarlawfw@ca.gov,Male,254.202.138.115,6331108129188122
574,Merridie,Martensen,mmartensenfx@blinklist.com,Female,243.254.249.11,3558953225932599
575,Walther,Armstrong,warmstrongfy@phoca.cz,Male,250.246.95.59,374288280611889
576,Fonsie,Debell,fdebellfz@people.com.cn,Male,142.107.227.61,5458366636478993
577,Sully,Scala,sscalag0@tinypic.com,Male,254.99.146.162,5010124414935705
578,Caterina,Shevlin,cshevling1@msu.edu,Female,205.226.26.123,3549507261484766
579,Alexandr,Mullaney,amullaneyg2@admin.ch,Male,10.175.195.250,5602257597781464
580,Giffie,Brearton,gbreartong3@oracle.com,Male,160.113.125.2,5100134244475658
581,Millard,Braisher,mbraisherg4@constantcontact.com,Male,68.113.29.235,3585384342589301
582,Cynthea,Bleier,cbleierg5@360.cn,Female,85.84.218.143,5048373609781897
583,Field,Biddiss,fbiddissg6@woothemes.com,Male,45.74.168.231,3562916700619852
584,Ailyn,Ebbers,aebbersg7@livejournal.com,Female,25.180.44.110,561061072811550587
585,Celestyn,Warlton,cwarltong8@sogou.com,Female,161.162.139.6,6771927004450577376
586,Ulrica,Pirot,upirotg9@bizjournals.com,Female,137.115.5.101,6304827467355232
587,Rudy,Percifull,rpercifullga@japanpost.jp,Male,150.159.36.134,6763063388037386
588,Curcio,Gabbatiss,cgabbatissgb@abc.net.au,Male,84.175.77.25,3575113084561745
589,Lloyd,Schoffler,lschofflergc@liveinternet.ru,Male,138.48.93.134,3583282988423953
590,Jonie,Boldero,jbolderogd@prlog.org,Female,49.237.1.8,3589748933301266
591,Nicolea,Kissick,nkissickge@scientificamerican.com,Female,21.100.182.59,5108756550019274
592,Fielding,Ortmann,fortmanngf@posterous.com,Male,82.40.248.66,3552640285999677
593,Dorri,Marc,dmarcgg@cnet.com,Female,39.206.200.90,3573576662108950
594,Jacqueline,Gorusso,jgorussogh@yellowpages.com,Female,18.158.111.213,4974534908253562
595,Karola,Clyde,kclydegi@time.com,Female,227.1.193.146,3533829929849521
596,Janka,Rosenau,jrosenaugj@samsung.com,Female,141.205.5.211,5602233986753380
597,Ingar,Moreton,imoretongk@columbia.edu,Male,238.86.4.1,3585143200969819
598,Dulcia,Sandars,dsandarsgl@artisteer.com,Female,182.254.42.211,3565221980044989
599,Araldo,Sylett,asylettgm@diigo.com,Male,60.85.149.208,3578637563525059
600,Margo,Jarrelt,mjarreltgn@eepurl.com,Female,47.255.145.16,4903876868147102
601,Tally,Sehorsch,tsehorschgo@pen.io,Male,199.193.50.206,3532608839081339
602,Shell,Guyon,sguyongp@cbsnews.com,Female,220.105.231.253,3545691086655729
603,Ethelin,Stearn,estearngq@un.org,Female,255.96.60.83,201763729072082
604,Pearl,Skyme,pskymegr@huffingtonpost.com,Female,27.195.248.206,6759659570165830
605,Evelyn,Saltman,esaltmangs@jiathis.com,Male,108.67.86.194,5048377291217227
606,Ainslee,Legion,alegiongt@unesco.org,Female,149.134.243.121,5573048088767731
607,Mikel,Matuszynski,mmatuszynskigu@godaddy.com,Male,40.239.149.129,5517182668252969
608,Xena,Baudin,xbaudingv@imageshack.us,Female,244.201.187.226,3533552080070360
609,Chas,Perrinchief,cperrinchiefgw@ftc.gov,Male,61.250.18.30,374622360251739
610,Artemis,Barmadier,abarmadiergx@google.nl,Male,123.27.223.28,3578954241580749
611,Marshall,Tarver,mtarvergy@trellian.com,Male,100.111.138.68,5007668172495885
612,Blakelee,Bunyan,bbunyangz@dyndns.org,Female,1.239.18.230,58939016192288314
613,Duane,Stonebridge,dstonebridgeh0@altervista.org,Male,185.20.21.203,5450409931362906
614,Jdavie,Bolver,jbolverh1@sakura.ne.jp,Male,24.234.79.191,3575283363184574
615,Yuma,Lackeye,ylackeyeh2@tiny.cc,Male,225.75.164.22,5010121141016379
616,Tatiania,McClifferty,tmccliffertyh3@admin.ch,Female,94.76.194.9,3586643865930641
617,Onofredo,Glenwright,oglenwrighth4@goo.ne.jp,Male,22.1.169.224,3557459186380670
618,Arthur,Massey,amasseyh5@sciencedirect.com,Male,68.70.127.61,3577073052827411
619,Raffaello,Tarborn,rtarbornh6@accuweather.com,Male,74.75.248.140,3586207716972150
620,Stevena,Rushton,srushtonh7@indiatimes.com,Female,28.237.72.163,4936402303651557
621,Daisy,Duncklee,ddunckleeh8@topsy.com,Female,179.200.231.16,6373668801846528
622,Sonja,Brister,sbristerh9@usnews.com,Female,62.182.238.39,5893463190331800
623,Jobey,Leece,jleeceha@friendfeed.com,Female,69.71.32.227,3540245103828671
624,Korie,Berndsen,kberndsenhb@ustream.tv,Female,169.96.116.38,6771685857187846451
625,Lian,Skillett,lskilletthc@taobao.com,Female,134.126.181.53,374622808504392
626,Nickey,Whitten,nwhittenhd@sina.com.cn,Male,119.149.189.148,6304357743695711626
627,Gennifer,Edmett,gedmetthe@photobucket.com,Female,66.168.63.152,5117196004082629
628,Aubrie,Beatey,abeateyhf@sitemeter.com,Female,163.226.38.175,6334994478466132969
629,Mendy,Aymes,maymeshg@theatlantic.com,Male,50.209.195.6,3532653439180099
630,Matthus,Ratray,mratrayhh@e-recht24.de,Male,115.231.99.115,201885107989742
631,Harwell,Gallardo,hgallardohi@simplemachines.org,Male,226.166.240.235,3530695955164124
632,Paulie,Midlar,pmidlarhj@tmall.com,Male,95.239.244.110,3535670361878547
633,Vernen,Alexsandrowicz,valexsandrowiczhk@weather.com,Male,223.116.80.79,5602230486106572
634,Torr,Heinemann,theinemannhl@google.cn,Male,76.68.138.31,4026801031926341
635,Taryn,Outibridge,toutibridgehm@washingtonpost.com,Female,14.139.23.142,3569484953118638
636,Billy,Berge,bbergehn@google.ru,Male,172.218.177.46,5184070276507142
637,Farr,Lohoar,flohoarho@youtube.com,Male,159.126.156.153,3549190586106040
638,Lind,Klambt,lklambthp@theglobeandmail.com,Female,60.3.160.117,3570374364950827
639,Minta,Grayling,mgraylinghq@japanpost.jp,Female,96.2.173.21,30101505804666
640,Sonnie,Chark,scharkhr@biglobe.ne.jp,Male,182.46.219.10,3543937733288196
641,Neville,Sonley,nsonleyhs@wsj.com,Male,157.54.180.146,3581010620239418
642,Amerigo,Rable,arableht@thetimes.co.uk,Male,71.167.153.209,3577333582919694
643,Dorothy,Kingman,dkingmanhu@symantec.com,Female,173.113.41.167,3580424519827913
644,Dee dee,McCosker,dmccoskerhv@tamu.edu,Female,21.89.194.179,5403600948139018
645,Scotty,O'Loughnan,soloughnanhw@nbcnews.com,Male,51.164.148.0,3561461268988333
646,Masha,Skehan,mskehanhx@github.io,Female,23.77.168.125,3544793495384924
647,Freemon,Minard,fminardhy@alexa.com,Male,2.61.77.251,201477647214292
648,Manolo,Apperley,mapperleyhz@addtoany.com,Male,104.40.202.224,56022436011729219
649,Tadd,Bosnell,tbosnelli0@usnews.com,Male,104.196.9.204,4917575264400966
650,Paul,Farren,pfarreni1@icio.us,Male,237.228.49.252,503867039051097809
651,Tandy,Wakley,twakleyi2@last.fm,Female,178.1.126.234,3561358694890572
652,Otto,Cave,ocavei3@1688.com,Male,89.115.174.164,5602224733278276
653,Larry,Render,lrenderi4@vk.com,Male,79.0.179.106,3553069992025320
654,Maury,Dredge,mdredgei5@amazonaws.com,Male,116.115.94.33,3575324638878887
655,Merwyn,Miquelet,mmiqueleti6@hp.com,Male,232.210.163.115,5610995389932247
656,Mikel,Retter,mretteri7@census.gov,Male,100.165.197.57,4175008040468310
657,Lind,Thomas,lthomasi8@ftc.gov,Male,126.214.1.115,3577251254888528
658,Mayne,Beseke,mbesekei9@un.org,Male,156.203.103.63,0604758043049421
659,Guthrie,Tomczykowski,gtomczykowskiia@salon.com,Male,167.199.86.107,3539588450081458
660,Frieda,Veighey,fveigheyib@meetup.com,Female,145.213.31.94,5602231805493352
661,Hieronymus,Beine,hbeineic@purevolume.com,Male,54.17.126.146,3587046334165303
662,Euell,Andreia,eandreiaid@ftc.gov,Male,193.51.70.227,5108759727764152
663,Armand,Meegin,ameeginie@census.gov,Male,216.38.94.62,3556250594141890
664,Tannie,Tillard,ttillardif@bloglovin.com,Male,146.158.11.225,3580773096410562
665,Alberto,Thurman,athurmanig@scribd.com,Male,124.123.15.86,30422487112484
666,Franky,Simenet,fsimenetih@webs.com,Female,142.82.191.238,67715901684362068
667,Madelon,Hardway,mhardwayii@geocities.com,Female,158.79.124.27,374622914312664
668,Adriena,Mc Combe,amccombeij@dedecms.com,Female,235.161.173.231,6376839320683067
669,Bethanne,Eilles,beillesik@yahoo.co.jp,Female,16.66.71.183,3560345305045945
670,Ethelred,Merit,emeritil@cbsnews.com,Male,182.229.60.166,4041594418301029
671,Jeno,Freire,jfreireim@geocities.com,Male,158.100.12.49,5602249093154213
672,Reube,Beddie,rbeddiein@irs.gov,Male,184.226.30.199,5100175403028523
673,Lemuel,Reddlesden,lreddlesdenio@ebay.com,Male,168.84.15.135,5602247503264044
674,Elbertine,Edson,eedsonip@princeton.edu,Female,3.0.34.192,30179077512669
675,Stevena,Vanin,svaniniq@samsung.com,Female,242.44.82.51,50185951101683320
676,Lorelle,Elie,lelieir@nih.gov,Female,228.30.209.75,36911332739016
677,Bettina,Clamo,bclamois@privacy.gov.au,Female,172.18.64.220,3568483870527427
678,Ignazio,Lamond,ilamondit@gnu.org,Male,15.15.163.241,4911444792550860407
679,Bank,Grinter,bgrinteriu@shareasale.com,Male,129.114.111.156,3561893679080716
680,Maribeth,Jeskins,mjeskinsiv@technorati.com,Female,179.190.58.180,490326930809846643
681,Ruperto,Mollatt,rmollattiw@privacy.gov.au,Male,46.119.74.19,5602227218572204
682,Cheri,Antram,cantramix@blogtalkradio.com,Female,142.239.243.33,201854907233446
683,Lemar,Dearlove,ldearloveiy@acquirethisname.com,Male,85.132.148.237,3578120740532496
684,Donovan,Eastlake,deastlakeiz@prweb.com,Male,81.247.61.66,5602242971867626
685,Bambi,Nicklin,bnicklinj0@canalblog.com,Female,204.240.254.235,201449226746960
686,Cherise,Heining,cheiningj1@irs.gov,Female,176.4.36.142,5105397856548915
687,Del,Auger,daugerj2@prweb.com,Male,147.85.183.84,3553189132401221
688,Alexandro,Wallice,awallicej3@cam.ac.uk,Male,132.85.178.57,3580683182788070
689,Ardith,Mogenot,amogenotj4@tinypic.com,Female,251.212.20.102,5586045938544760
690,April,Kennedy,akennedyj5@sogou.com,Female,10.116.8.8,5108755324050029
691,Brewster,Buckney,bbuckneyj6@cafepress.com,Male,213.63.89.198,30450668196620
692,Barris,Normanvell,bnormanvellj7@free.fr,Male,148.10.220.81,3586170230690866
693,Emmeline,Prinett,eprinettj8@github.com,Female,54.127.231.255,5602231670749524
694,Tadio,Whitlock,twhitlockj9@diigo.com,Male,62.135.84.167,3560909753681640
695,Dorette,Gave,dgaveja@buzzfeed.com,Female,17.203.54.106,676214368309934057
696,Etienne,Hasling,ehaslingjb@boston.com,Male,101.116.211.19,3561674772559396
697,Stevie,Bartos,sbartosjc@qq.com,Male,9.252.143.42,3565733866062158
698,Candi,Gilman,cgilmanjd@sohu.com,Female,222.188.47.48,3585327422515829
699,Nealon,Lambole,nlamboleje@chronoengine.com,Male,94.136.89.56,3551349014352643
700,Bran,Sappson,bsappsonjf@imageshack.us,Male,72.174.231.225,201859178958092
701,Ingemar,Treleaven,itreleavenjg@etsy.com,Male,59.137.82.197,3542721738240613
702,Malcolm,Tatlow,mtatlowjh@yandex.ru,Male,128.41.255.165,3556047236588839
703,Arvin,Vogeler,avogelerji@unesco.org,Male,82.195.199.235,3533608152873964
704,Hoyt,Minshaw,hminshawjj@symantec.com,Male,192.92.25.40,67616452870569850
705,Gina,Deniscke,gdenisckejk@prweb.com,Female,121.49.206.193,3539103976265708
706,Wini,Hatliff,whatliffjl@taobao.com,Female,50.137.248.16,5010121858735252
707,Boycie,Chartres,bchartresjm@unblog.fr,Male,226.23.125.168,3586386545227513
708,Audra,Kesten,akestenjn@sitemeter.com,Female,47.103.91.66,3582318854229859
709,Willyt,Jacketts,wjackettsjo@scientificamerican.com,Female,74.112.255.13,3555416168155712
710,Natassia,Rainbird,nrainbirdjp@google.pl,Female,174.233.229.102,5602215645560915176
711,Yorgo,Ablott,yablottjq@stanford.edu,Male,107.49.120.228,4913012709954229
712,Diane-marie,Pethybridge,dpethybridgejr@naver.com,Female,8.222.221.101,6334113984396569
713,Ariella,Eagling,aeaglingjs@pinterest.com,Female,136.146.174.92,3546513991135473
714,Evita,Smalcombe,esmalcombejt@php.net,Female,2.136.83.152,3536954888070948
715,Iseabal,Crickmore,icrickmoreju@amazonaws.com,Female,135.8.11.104,4878981335728731
716,Hodge,Juggins,hjugginsjv@aboutads.info,Male,116.182.227.134,6387092679446762
717,Percival,Gamblin,pgamblinjw@meetup.com,Male,126.188.79.5,5048370303502678
718,Almeria,Tomaszewski,atomaszewskijx@unblog.fr,Female,239.90.17.83,3585507584409347
719,Winnie,Pieroni,wpieronijy@themeforest.net,Male,163.41.164.75,3547240421136090
720,Stephanie,Witherup,switherupjz@google.fr,Female,128.216.190.128,3556756857990518
721,Letta,Fernant,lfernantk0@google.com.br,Female,100.49.63.57,3569466115801243
722,Gwendolin,Meachem,gmeachemk1@unicef.org,Female,114.63.155.101,6394454531739027
723,Michele,Haggath,mhaggathk2@tmall.com,Male,220.101.120.228,633398735157115675
724,Wildon,Depport,wdepportk3@alexa.com,Male,3.254.49.54,5007662438104803
725,Joseito,Eccott,jeccottk4@adobe.com,Male,125.253.41.8,3557869818778671
726,Padraic,O'Gready,pogreadyk5@latimes.com,Male,30.252.155.205,560222317382272899
727,Kathryne,Cutridge,kcutridgek6@whitehouse.gov,Female,94.183.107.12,4911048671439127370
728,Sergei,Conti,scontik7@jiathis.com,Male,66.122.244.227,3538271983105943
729,Joey,Aveson,javesonk8@xing.com,Female,252.55.50.249,201591592903707
730,Merilee,Cockshot,mcockshotk9@woothemes.com,Female,238.37.178.117,3589845898457925
731,Alleyn,Revel,arevelka@nhs.uk,Male,221.114.204.60,3553396308740189
732,Cal,Callcott,ccallcottkb@blog.com,Female,161.219.44.61,3533125346162170
733,Claudie,Bunt,cbuntkc@oakley.com,Female,23.123.157.202,3578011487817051
734,Courtney,Barde,cbardekd@com.com,Male,20.102.181.117,3541326684661480
735,Ettore,Cruikshank,ecruikshankke@prnewswire.com,Male,191.254.160.184,3541113058174005
736,Noe,Lowman,nlowmankf@gmpg.org,Male,228.0.119.106,3572891302636257
737,Freemon,Hebson,fhebsonkg@tripod.com,Male,120.191.149.81,4175008828697502
738,Wash,Carruth,wcarruthkh@studiopress.com,Male,175.166.79.170,3577693015879470
739,Dene,Ferrara,dferraraki@walmart.com,Male,232.113.144.157,5602230632734749
740,Enrica,Butler,ebutlerkj@creativecommons.org,Female,184.11.154.178,490581523926394462
741,Christen,Moring,cmoringkk@pcworld.com,Female,199.162.196.228,491136968308691316
742,Sibbie,Szachniewicz,sszachniewiczkl@gmpg.org,Female,213.244.193.213,3552150930591127
743,Susannah,Waterhouse,swaterhousekm@howstuffworks.com,Female,65.183.141.179,6398318046800127
744,Shurlocke,Duley,sduleykn@joomla.org,Male,98.59.248.240,3572844473113937
745,Elisa,Gecks,egecksko@phoca.cz,Female,28.101.171.170,3577997288045408
746,Darius,Scraggs,dscraggskp@sfgate.com,Male,97.49.167.17,5610913033752589141
747,Raine,Liell,rliellkq@facebook.com,Female,105.240.74.172,201775972549954
748,Oralla,Stebbings,ostebbingskr@nymag.com,Female,195.152.32.17,5189978622458643
749,Hasheem,Anglish,hanglishks@dion.ne.jp,Male,171.34.95.99,3552842508567410
750,Shoshanna,Coundley,scoundleykt@about.me,Female,201.217.35.247,376092284457309
751,Fidela,Audritt,faudrittku@xrea.com,Female,191.62.158.3,3530401887709585
752,Douglas,Jaher,djaherkv@taobao.com,Male,199.20.57.138,3540198756685809
753,Germayne,Nortcliffe,gnortcliffekw@blinklist.com,Male,46.102.206.163,3544898507566879
754,Vina,Pilsbury,vpilsburykx@1und1.de,Female,152.250.199.128,670642088063669955
755,Griffy,Gurden,ggurdenky@ibm.com,Male,254.37.213.148,3556922007850396
756,Peder,Garforth,pgarforthkz@altervista.org,Male,73.116.91.150,5108754486986369
757,Matty,Lansley,mlansleyl0@yellowbook.com,Male,201.96.239.229,5602247682125248
758,Joycelin,Beston,jbestonl1@dedecms.com,Female,64.204.125.42,501806912738884211
759,Traci,Beckerleg,tbeckerlegl2@webmd.com,Female,75.139.110.65,6304817288245352269
760,Ali,Pohling,apohlingl3@mysql.com,Female,244.235.156.129,5048375238447170
761,Jermaine,Rosenvasser,jrosenvasserl4@theguardian.com,Male,119.128.228.168,3548702473958746
762,Papagena,Quillinane,pquillinanel5@simplemachines.org,Female,123.202.81.89,4903216387339171
763,Elissa,McDavitt,emcdavittl6@e-recht24.de,Female,218.49.152.246,3535229827502850
764,Darcie,Heephy,dheephyl7@icq.com,Female,234.176.76.222,201576446297448
765,Kelvin,Lundbech,klundbechl8@github.com,Male,237.165.51.19,3566276123845030
766,Penny,Matyasik,pmatyasikl9@google.es,Male,107.252.83.245,5020147470828397
767,Aurthur,Gurnell,agurnellla@redcross.org,Male,235.131.34.223,633457704425306514
768,Rivkah,Negal,rnegallb@java.com,Female,183.182.42.71,5483786817717118
769,Dorelia,Tapp,dtapplc@smh.com.au,Female,252.114.41.214,30013584038290
770,Marcelle,Sivyour,msivyourld@sohu.com,Female,213.235.242.45,560224132528000577
771,Cirstoforo,Matten,cmattenle@dmoz.org,Male,111.2.250.199,4911895363921027359
772,Thekla,Frantz,tfrantzlf@yandex.ru,Female,244.39.81.87,6334310308534079
773,Eberhard,McElree,emcelreelg@bbb.org,Male,189.157.42.79,3578759079413610
774,Eustacia,Eastes,eeasteslh@posterous.com,Female,110.129.59.53,30358812033179
775,Brynne,Canceller,bcancellerli@microsoft.com,Female,209.38.151.99,3581783981146055
776,Dudley,Bridat,dbridatlj@aboutads.info,Male,236.182.98.153,4911278311768925
777,Briggs,McKechnie,bmckechnielk@mozilla.com,Male,150.1.60.193,3580953267687210
778,Cobb,Terbeek,cterbeekll@issuu.com,Male,51.230.123.38,6304806190069046063
779,Alexis,Antat,aantatlm@mtv.com,Male,33.29.89.241,36982505480472
780,Blondy,Trengrove,btrengroveln@tinyurl.com,Female,107.64.240.180,3565747974777325
781,Aland,Skellion,askellionlo@w3.org,Male,187.173.236.18,3585593731854221
782,Mellisa,Sabatier,msabatierlp@yale.edu,Female,62.102.130.111,502043978680512770
783,Teresina,McGibbon,tmcgibbonlq@jalbum.net,Female,171.155.223.194,5602243545743517
784,Nickie,Swansborough,nswansboroughlr@utexas.edu,Male,255.11.133.127,675901734469304979
785,Harlen,Dewis,hdewisls@mozilla.org,Male,248.132.145.121,201674453538760
786,Hayden,Copnall,hcopnalllt@msn.com,Male,20.66.91.64,3540535931845453
787,Dee dee,Mickleburgh,dmickleburghlu@nationalgeographic.com,Female,121.125.47.73,63040203225981109
788,Teddy,Gaddes,tgaddeslv@bbc.co.uk,Male,45.230.65.138,5550854564408667
789,Mildrid,Durak,mduraklw@webmd.com,Female,104.214.252.109,5532440666905355
790,Randa,Gradon,rgradonlx@bluehost.com,Female,171.36.123.182,3564138985347111
791,Mathias,MacGray,mmacgrayly@usnews.com,Male,208.3.179.247,5376717568225241
792,Junia,Gerred,jgerredlz@xing.com,Female,170.185.125.158,30074564792264
793,June,Bingell,jbingellm0@cnet.com,Female,123.185.134.44,3542162034523602
794,Mareah,Hazelhurst,mhazelhurstm1@businessinsider.com,Female,107.148.142.160,6387587114434315
795,Cly,Bittany,cbittanym2@admin.ch,Male,171.149.253.196,5007663471546611
796,Jo,Mancell,jmancellm3@mlb.com,Female,8.67.109.76,374622735540261
797,Dylan,Robun,drobunm4@prlog.org,Male,239.179.174.230,4844711027694995
798,Lettie,Petrusch,lpetruschm5@xinhuanet.com,Female,109.63.8.56,3543748541415024
799,Rriocard,Da Costa,rdacostam6@imgur.com,Male,72.95.50.86,58934955871029124
800,Wit,Guiden,wguidenm7@bravesites.com,Male,131.253.105.135,5159330389529925
801,Jdavie,Bruce,jbrucem8@delicious.com,Male,6.239.114.98,3528503134779503
802,Meagan,O'Lagen,molagenm9@zimbio.com,Female,20.84.206.12,374622752645340
803,Corri,Moran,cmoranma@va.gov,Female,233.8.114.2,3550698306524207
804,Freddy,Felgat,ffelgatmb@nymag.com,Male,139.200.230.78,5602243560717602
805,Olav,Larn,olarnmc@latimes.com,Male,0.107.180.77,201858025109149
806,Cole,Quaife,cquaifemd@sciencedirect.com,Male,1.240.42.44,30335593457454
807,Martie,Dolley,mdolleyme@xrea.com,Male,51.226.2.53,4175006593317983
808,Kenny,McShane,kmcshanemf@latimes.com,Male,219.61.95.225,30315919890752
809,Eberto,Honatsch,ehonatschmg@lulu.com,Male,254.40.172.186,3534397009753442
810,Adelind,Taggart,ataggartmh@ow.ly,Female,214.223.230.94,5602211800040247112
811,Danny,Jouning,djouningmi@addthis.com,Male,145.133.188.153,633300270268987462
812,Huey,Bourdon,hbourdonmj@shutterfly.com,Male,192.197.32.126,6385521767123448
813,Annabela,Chappell,achappellmk@live.com,Female,16.100.171.8,3578724725732367
814,Jeniece,Kelshaw,jkelshawml@nasa.gov,Female,173.7.223.254,4041596607028800
815,Toma,Cullagh,tcullaghmm@psu.edu,Female,80.235.246.13,3549841990180092
816,Corinne,Onion,conionmn@flickr.com,Female,157.92.160.243,490570320302701607
817,Larine,Wrightem,lwrightemmo@apple.com,Female,243.57.153.247,630440436504289396
818,Imogen,Derisley,iderisleymp@reddit.com,Female,117.4.86.140,3575481903571389
819,Wiatt,Goomes,wgoomesmq@yale.edu,Male,16.255.116.19,5509016511486582
820,Darren,Kastel,dkastelmr@merriam-webster.com,Male,224.161.163.65,3570281717877880
821,Trix,Harbage,tharbagems@mayoclinic.com,Female,121.159.144.9,4844244681023632
822,Gwenneth,Spenton,gspentonmt@npr.org,Female,57.255.151.244,3564393583337382
823,Edna,Morffew,emorffewmu@goo.ne.jp,Female,74.255.219.133,5261571000111818
824,Elsinore,Caslake,ecaslakemv@weibo.com,Female,128.92.208.209,5610209414337871
825,Hedvig,Tokley,htokleymw@booking.com,Female,251.209.62.113,67718372678975165
826,Alfy,Roullier,aroulliermx@archive.org,Male,210.60.42.155,5602210230428837
827,Eben,Stoke,estokemy@ox.ac.uk,Male,28.62.128.128,3560441426695450
828,Gareth,Nottingam,gnottingammz@auda.org.au,Male,189.141.29.255,3539143391132380
829,Pedro,Coxhead,pcoxheadn0@bigcartel.com,Male,133.117.119.50,3568594388576118
830,Isacco,de Mullett,idemullettn1@ed.gov,Male,203.246.127.157,3545229932599724
831,Godfrey,Dimmer,gdimmern2@yale.edu,Male,116.141.83.191,3545721074066850
832,Fax,Gooddy,fgooddyn3@yahoo.co.jp,Male,89.107.193.133,5007663066794808
833,Cly,Tirkin,ctirkinn4@msn.com,Male,15.233.191.81,5492325975648580
834,Lexine,Arlt,larltn5@fc2.com,Female,78.30.86.243,6334058523134394187
835,Fitzgerald,Law,flawn6@newyorker.com,Male,171.73.213.128,3539297257293650
836,Vinny,Brownill,vbrownilln7@howstuffworks.com,Female,7.254.43.90,3528151588427862
837,Wilek,Beven,wbevenn8@elegantthemes.com,Male,11.92.132.21,3531161954526325
838,Eugene,Rickaert,erickaertn9@nationalgeographic.com,Male,153.22.79.185,3562360410936563
839,Edward,McKirton,emckirtonna@google.it,Male,233.31.160.176,560225952620482467
840,Korey,Gouldthorp,kgouldthorpnb@slideshare.net,Male,68.209.183.174,5602212024100945
841,Starla,Wartnaby,swartnabync@woothemes.com,Female,229.16.80.242,6709419533636094661
842,Sophey,Cawdron,scawdronnd@mail.ru,Female,142.36.73.101,5602221720530933
843,Celina,Overland,coverlandne@si.edu,Female,153.148.62.165,5598717482086424
844,Orson,McDyer,omcdyernf@slideshare.net,Male,117.3.52.163,4508618096030422
845,Horten,Edelheit,hedelheitng@yale.edu,Male,50.172.25.12,3530184287820505
846,Celine,Semaine,csemainenh@mapy.cz,Female,253.179.17.72,5602222094265865041
847,Xymenes,Waby,xwabyni@businesswire.com,Male,210.163.36.94,3551067538547296
848,Gasper,Kesten,gkestennj@t.co,Male,23.54.112.222,36140959215429
849,Ebba,Porker,eporkernk@phoca.cz,Female,120.37.117.238,3562153725771498
850,Lark,Woller,lwollernl@baidu.com,Female,65.122.142.125,3585628666824599
851,Cobbie,Wynes,cwynesnm@pbs.org,Male,126.20.39.2,3529547375032923
852,Karlan,Kenny,kkennynn@xrea.com,Male,197.244.146.185,3535473267318316
853,Lina,Gruszecki,lgruszeckino@sitemeter.com,Female,242.69.75.34,3561969079290814
854,Bendite,Lonie,blonienp@printfriendly.com,Female,147.185.225.54,3563176301739380
855,Wynn,Sainsbury,wsainsburynq@goo.gl,Female,148.207.219.193,3530224092755262
856,Nesta,Peasegod,npeasegodnr@ihg.com,Female,210.58.92.251,3566727496489103
857,Jackie,Sayton,jsaytonns@g.co,Male,152.235.190.123,4911933386334219515
858,Trina,Kilty,tkiltynt@yandex.ru,Female,206.224.132.242,5540639779975144
859,Magdalen,Bartali,mbartalinu@hugedomains.com,Female,230.34.201.84,6333907555467456
860,Alasteir,Croston,acrostonnv@godaddy.com,Male,26.202.37.204,3572251664172658
861,Katherine,Cockson,kcocksonnw@exblog.jp,Female,21.101.97.111,3578691218694224
862,Drusi,Cleverly,dcleverlynx@census.gov,Female,102.13.163.35,67637599113026208
863,Rayshell,Bickerstaffe,rbickerstaffeny@soundcloud.com,Female,224.90.163.176,3553755441288135
864,Iver,Bolesma,ibolesmanz@soup.io,Male,159.164.7.126,3568168709673068
865,Maury,Gaffney,mgaffneyo0@cornell.edu,Male,215.182.109.192,4026205949499377
866,Marylou,Little,mlittleo1@army.mil,Female,179.175.50.148,3530252489873372
867,Bobby,Iianon,biianono2@intel.com,Male,118.205.184.75,5568849522214025
868,Robinson,Villar,rvillaro3@typepad.com,Male,149.180.132.246,3567125738474224
869,Taddeo,Abbotson,tabbotsono4@xinhuanet.com,Male,221.107.144.225,3546091467290015
870,Derrik,Flecknell,dflecknello5@yolasite.com,Male,10.81.24.43,3558331482878997
871,Joellyn,Neeves,jneeveso6@fastcompany.com,Female,132.78.241.79,4017950037140729
872,Haleigh,Maddams,hmaddamso7@nationalgeographic.com,Female,140.105.4.61,493634037997766350
873,Gillan,Moret,gmoreto8@privacy.gov.au,Female,47.30.121.243,5610746801927723
874,Man,Erni,mernio9@friendfeed.com,Male,50.81.225.186,5602235957324687
875,Drud,Kiggel,dkiggeloa@imdb.com,Male,42.200.92.114,491196071442480188
876,Pearce,MacIllrick,pmacillrickob@google.co.uk,Male,152.240.21.68,30455906859632
877,Delia,Mechi,dmechioc@ebay.co.uk,Female,121.47.216.86,5602250985372681
878,Rory,Blunsum,rblunsumod@studiopress.com,Male,37.193.136.206,4405768649983645
879,Tuck,Janos,tjanosoe@mozilla.org,Male,133.222.129.208,5641826289049878
880,Beauregard,Rashleigh,brashleighof@vkontakte.ru,Male,57.84.118.82,3542052758816698
881,Giacinta,Crose,gcroseog@github.io,Female,235.51.49.179,3581678858806502
882,Karia,Zannotti,kzannottioh@house.gov,Female,94.20.108.153,3536859220400457
883,Dmitri,Meeny,dmeenyoi@goo.ne.jp,Male,213.203.76.125,6393689833721295
884,Jock,Blackly,jblacklyoj@usatoday.com,Male,220.126.90.130,5007665781704038
885,Walt,Carolan,wcarolanok@jugem.jp,Male,205.121.135.145,58939806498527583
886,Christy,Kerman,ckermanol@census.gov,Female,34.107.26.224,3533328340088165
887,Christie,Pieche,cpiecheom@themeforest.net,Female,133.95.38.197,3559701097864716
888,Helen,Hollerin,hhollerinon@imgur.com,Female,157.43.117.189,3544264865907876
889,Agace,Le - Count,alecountoo@reddit.com,Female,38.195.60.46,67599251620767017
890,Elvina,Wray,ewrayop@seesaa.net,Female,112.214.156.115,3586802961013575
891,Lyssa,Alp,lalpoq@edublogs.org,Female,165.19.103.55,5602214651622076
892,Laurence,Saffe,lsaffeor@pagesperso-orange.fr,Male,115.68.38.161,346406295808937
893,Joyann,Iamittii,jiamittiios@craigslist.org,Female,249.10.63.225,6304723324324067
894,Erie,Zoellner,ezoellnerot@cocolog-nifty.com,Male,40.116.227.240,36249793039596
895,Dasi,Onge,dongeou@ft.com,Female,251.15.132.106,5412454699120861
896,Pamella,Eallis,peallisov@google.cn,Female,43.132.223.7,4936389083859130
897,Madalena,Pimer,mpimerow@bbc.co.uk,Female,238.88.112.209,3569303962709528
898,Casandra,Simonou,csimonouox@ted.com,Female,238.127.217.82,3558677360850445
899,Aida,Weetch,aweetchoy@sakura.ne.jp,Female,192.135.11.206,564182998774995864
900,Coretta,Feyer,cfeyeroz@yolasite.com,Female,160.164.64.42,3578801998095878
901,Frances,Hutchens,fhutchensp0@indiegogo.com,Female,90.35.61.191,36669838545622
902,Xena,Abbotson,xabbotsonp1@telegraph.co.uk,Female,82.210.77.144,3548006341247567
903,Karleen,Marcombe,kmarcombep2@a8.net,Female,25.238.33.27,3558256936151057
904,Lydia,Jealous,ljealousp3@toplist.cz,Female,194.119.190.32,3559852910162497
905,Anita,Jeffs,ajeffsp4@salon.com,Female,71.48.237.54,5641822479123706
906,Godfree,Peet,gpeetp5@domainmarket.com,Male,233.219.152.55,6374971094372288
907,Janaye,Balch,jbalchp6@mtv.com,Female,213.96.30.31,5020747884114120775
908,Lek,Copes,lcopesp7@about.me,Male,35.150.82.200,5048373707829275
909,Frans,Penni,fpennip8@msu.edu,Male,47.254.36.161,3580271277676564
910,Margette,Maestrini,mmaestrinip9@miitbeian.gov.cn,Female,101.155.4.123,50384337363587004
911,Kelley,Millington,kmillingtonpa@cmu.edu,Male,105.97.118.155,56022576857497106
912,Stevy,Tomblin,stomblinpb@elegantthemes.com,Male,110.171.148.55,3535310386514328
913,Kit,Lorrain,klorrainpc@fastcompany.com,Male,68.204.84.141,3551754588125152
914,Arly,Arlet,aarletpd@cbsnews.com,Female,11.7.93.202,337941831828669
915,Bab,Underwood,bunderwoodpe@eventbrite.com,Female,152.11.194.161,30243266169770
916,Clarke,Kowalski,ckowalskipf@cafepress.com,Male,212.50.224.252,3538024338878353
917,Laurel,Oulett,loulettpg@vinaora.com,Female,66.135.184.27,5038430445647203
918,Garnette,Mallatratt,gmallatrattph@livejournal.com,Female,150.91.110.154,4936096971643456
919,Ches,Albert,calbertpi@microsoft.com,Male,5.234.232.91,3589202875046398
920,Ailee,Gradley,agradleypj@businessweek.com,Female,241.89.168.62,3554855188787031
921,Leif,Sinson,lsinsonpk@dell.com,Male,7.64.62.60,6333304792718476355
922,Niko,Memmory,nmemmorypl@google.ru,Male,22.60.140.240,3554349038603762
923,Clarabelle,Hartzenberg,chartzenbergpm@woothemes.com,Female,33.164.33.201,3529444441313778
924,Dulcinea,Sutcliff,dsutcliffpn@amazonaws.com,Female,158.236.160.37,3550052130815185
925,Cristin,McLaverty,cmclavertypo@addtoany.com,Female,85.93.161.120,3578319029446945
926,Dorthea,Filliskirk,dfilliskirkpp@wisc.edu,Female,161.214.68.32,3560955057463664
927,Aurelia,Paffett,apaffettpq@i2i.jp,Female,254.174.84.110,3535390831230902
928,Luce,Fippe,lfippepr@flickr.com,Female,91.41.7.127,4405420629723555
929,Karol,Bembridge,kbembridgeps@imgur.com,Female,51.78.107.165,201459693415080
930,Laurel,McLaine,lmclainept@craigslist.org,Female,92.58.100.251,5602212382416842
931,Bailey,Leather,bleatherpu@wunderground.com,Male,137.37.56.102,3570045011088092
932,Barrie,Cluatt,bcluattpv@flickr.com,Female,176.159.108.180,374283639608439
933,Edward,McIlhone,emcilhonepw@free.fr,Male,70.45.152.103,56104234632825503
934,Ivory,Haddington,ihaddingtonpx@spotify.com,Female,96.232.78.194,4041373571526023
935,Edmon,Grave,egravepy@cpanel.net,Male,35.213.132.27,30066286076133
936,Shanie,Deinhard,sdeinhardpz@phpbb.com,Female,232.171.134.209,3574330102829224
937,Welbie,Durrington,wdurringtonq0@jiathis.com,Male,32.22.228.187,3571604298209323
938,Sherman,Vicker,svickerq1@adobe.com,Male,20.117.87.103,5602245407095357
939,Boniface,Skiggs,bskiggsq2@engadget.com,Male,229.200.134.29,3552089340853992
940,Margarete,Brinkman,mbrinkmanq3@tinypic.com,Female,65.157.202.202,4903530233379643627
941,Gaston,Beedie,gbeedieq4@meetup.com,Male,67.252.207.141,5610945639852372
942,Jourdain,Grogona,jgrogonaq5@furl.net,Male,240.114.147.114,5602220124630451854
943,Buiron,Ambroise,bambroiseq6@taobao.com,Male,59.217.124.57,3584948718078916
944,Gelya,Got,ggotq7@t-online.de,Female,34.196.226.89,4913525225320096
945,Amandy,Colhoun,acolhounq8@vkontakte.ru,Female,194.163.85.83,3549421241363811
946,Shellysheldon,Shephard,sshephardq9@1und1.de,Male,69.28.91.48,3532494527198754
947,Zitella,Stiles,zstilesqa@google.de,Female,69.119.97.136,3552791044849305
948,Stesha,Artz,sartzqb@telegraph.co.uk,Female,109.5.22.152,4936749765087492
949,Hildegaard,Lydster,hlydsterqc@disqus.com,Female,215.166.80.78,4405430670991555
950,Shadow,Bladon,sbladonqd@pcworld.com,Male,120.244.236.23,5542188916855239
951,Borden,MacGregor,bmacgregorqe@seattletimes.com,Male,239.249.216.231,3557468871852406
952,Georgia,Stanes,gstanesqf@shutterfly.com,Female,153.183.170.22,5100175441431259
953,Maryjane,Strange,mstrangeqg@soundcloud.com,Female,152.31.246.23,50205819802106220
954,Henri,Igounet,higounetqh@washington.edu,Male,201.132.92.224,5100173419069672
955,Latrina,Fouch,lfouchqi@alibaba.com,Female,135.67.224.141,201400828376854
956,Cherri,Jonin,cjoninqj@earthlink.net,Female,185.186.87.17,3529399559009768
957,Mord,Baylie,mbaylieqk@nationalgeographic.com,Male,24.179.241.197,3576970064043732
958,Sharla,Latey,slateyql@paypal.com,Female,137.79.4.200,5176166884311321
959,Fanchette,Bussons,fbussonsqm@desdev.cn,Female,181.30.71.209,4041598056240
960,Anni,McCartan,amccartanqn@cargocollective.com,Female,157.253.179.171,370696450576407
961,Tyrone,McKellar,tmckellarqo@hao123.com,Male,213.189.173.179,30401513901508
962,Xylina,Eddie,xeddieqp@alexa.com,Female,22.94.17.142,3568287020047883
963,Iorgos,Wetheril,iwetherilqq@howstuffworks.com,Male,177.32.122.45,3574347726310829
964,Shermie,Sever,sseverqr@yahoo.com,Male,73.96.223.112,3537327932197224
965,Ximenes,Willimont,xwillimontqs@blogs.com,Male,187.189.251.11,30427860816676
966,Tiphany,Monck,tmonckqt@flavors.me,Female,141.187.48.12,5020762613260622783
967,Lars,McCarter,lmccarterqu@phpbb.com,Male,229.139.100.79,30113545148798
968,Borden,Sisse,bsisseqv@army.mil,Male,199.114.132.254,201775952666687
969,Emelina,Keeton,ekeetonqw@nbcnews.com,Female,242.240.71.238,3576763251808300
970,Deeanne,Crotty,dcrottyqx@php.net,Female,175.7.101.74,6304648916783888873
971,Cris,Dewicke,cdewickeqy@google.fr,Female,159.206.50.142,5170500249801228
972,Jo,Goodwins,jgoodwinsqz@discovery.com,Male,42.193.27.59,3580169174529425
973,Christel,Paler,cpalerr0@omniture.com,Female,131.147.133.224,30256945384644
974,Durante,Thompson,dthompsonr1@cocolog-nifty.com,Male,223.208.37.153,3538737686062557
975,Mikaela,Spino,mspinor2@reverbnation.com,Female,171.185.179.20,3586850822006403
976,Ardella,Van Dijk,avandijkr3@bing.com,Female,40.43.251.4,3529883026970256
977,Allx,Screaton,ascreatonr4@joomla.org,Female,73.237.191.130,3589905393653491
978,Estrella,Knowlman,eknowlmanr5@hostgator.com,Female,209.144.135.102,3529187256569006
979,Sarita,Swayte,sswayter6@europa.eu,Female,237.153.220.54,3544202756999636
980,Aldric,Conachy,aconachyr7@buzzfeed.com,Male,91.224.144.113,5275706265591221
981,Lissi,Juza,ljuzar8@msn.com,Female,188.32.117.234,3577011496704648
982,Starla,Heater,sheaterr9@addthis.com,Female,14.143.6.206,3572381603893849
983,Craggy,Ost,costra@t.co,Male,143.238.192.213,3584239364955916
984,Gifford,Vernall,gvernallrb@ihg.com,Male,175.178.249.212,6334342000455725
985,Gregg,Willcocks,gwillcocksrc@yellowbook.com,Male,100.168.35.112,3563824201036957
986,Carlita,Itzakson,citzaksonrd@spotify.com,Female,84.168.254.44,5038617403113935
987,Mina,Branthwaite,mbranthwaitere@hud.gov,Female,24.192.199.250,5424242113017821
988,Laureen,Klass,lklassrf@jiathis.com,Female,198.128.153.84,5020080828386612
989,Reube,Boobyer,rboobyerrg@prnewswire.com,Male,129.159.72.93,3586475960319044
990,Alwin,Tutchell,atutchellrh@bing.com,Male,179.2.243.127,374288384984026
991,Elene,Scorton,escortonri@issuu.com,Female,69.27.201.110,4175004158298540
992,Barbara,Vasyunin,bvasyuninrj@google.com.hk,Female,148.154.12.120,3543841896674509
993,Korey,Belton,kbeltonrk@squarespace.com,Male,44.174.95.241,3534262636542339
994,Fernande,Richichi,frichichirl@npr.org,Female,153.45.244.221,3542246802702793
995,Codie,MacShane,cmacshanerm@samsung.com,Male,133.73.98.115,3572510687817239
996,Kalindi,Davenell,kdavenellrn@comsenz.com,Female,123.192.43.60,3581165324347741
997,Germain,Hanbury-Brown,ghanburybrownro@washington.edu,Male,104.28.158.58,5527149632201099
998,Allis,Ellar,aellarrp@biglobe.ne.jp,Female,67.123.255.88,6763294284868386923
999,Vassili,Lainge,vlaingerq@wikispaces.com,Male,23.192.10.154,675928755668235986
1000,Lotte,Kollach,lkollachrr@themeforest.net,Female,75.43.79.64,5602246205335896
